Reservation_ID,Rate,Promo_Code,GST_Amount,Total_Amount,Rate_Plan
RES-00001,800,BOGUS99,40.0,840.0,standard
RES-00002,2500/day,SAVE10,125.0,2625.0,standard
RES-00003,₹2000/day,DISC15,,2100.0,premium
RES-00004,2000/day,SAVE10,100.0,2100.0,standard
RES-00005,3000,DISC15,150.0,3150.0,eco
RES-00006,1500,SAVE10,,1575.0,eco
RES-00007,3000,DISC15,150.0,3150.0,eco
RES-00008,"₹ 1,000 /day",SAVE10,50.0,1050.0,premium
RES-00009,1500,SAVE10,75.0,1575.0,standard
RES-00010,1200/day,BOGUS99,60.0,1260.0,standard
RES-00011,₹800/day,SAVE10,40.0,840.0,standard
RES-00012,"₹ 2,500 /day",,125.0,2625.0,premium
RES-00013,800,SAVE10,40.0,840.0,standard
RES-00014,1200/day,BOGUS99,,1260.0,eco
RES-00015,3000/day,DISC15,,3150.0,standard
RES-00016,800/day,SAVE10,40.0,840.0,eco
RES-00017,2500,DISC15,125.0,2625.0,standard
RES-00018,3000,DISC15,150.0,3150.0,premium
RES-00019,"₹ 2,500 /day",BOGUS99,125.0,2625.0,standard
RES-00020,"₹ 2,500 /day",SAVE10,,2625.0,standard
RES-00021,1000/day,,50.0,1050.0,standard
RES-00022,1200,BOGUS99,60.0,1260.0,eco
RES-00023,"₹ 3,000 /day",,150.0,3150.0,eco
RES-00024,₹1200/day,SAVE10,60.0,1260.0,premium
RES-00025,"₹ 1,500 /day",,75.0,1575.0,premium
RES-00026,"₹ 1,500 /day",BOGUS99,75.0,1575.0,standard
RES-00027,2500/day,BOGUS99,125.0,2625.0,standard
RES-00028,1500,,75.0,1575.0,eco
RES-00029,"₹ 1,000 /day",SAVE10,50.0,1050.0,premium
RES-00030,3000/day,DISC15,150.0,3150.0,eco
RES-00031,800,DISC15,40.0,840.0,eco
RES-00032,2000,BOGUS99,100.0,2100.0,standard
RES-00033,1500/day,,75.0,1575.0,standard
RES-00034,₹2500/day,SAVE10,125.0,2625.0,eco
RES-00035,1000,BOGUS99,50.0,1050.0,standard
RES-00036,"₹ 1,500 /day",DISC15,75.0,1575.0,eco
RES-00037,"₹ 3,000 /day",SAVE10,150.0,3150.0,eco
RES-00038,₹2500/day,SAVE10,125.0,2625.0,eco
RES-00039,800/day,DISC15,,840.0,premium
RES-00040,"₹ 1,000 /day",SAVE10,50.0,1050.0,premium
RES-00041,800,SAVE10,40.0,840.0,eco
RES-00042,₹3000/day,SAVE10,,3150.0,eco
RES-00043,1500,BOGUS99,75.0,1575.0,standard
RES-00044,"₹ 2,500 /day",,125.0,2625.0,premium
RES-00045,1200,BOGUS99,60.0,1260.0,premium
RES-00046,2000,DISC15,100.0,2100.0,premium
RES-00047,2500,DISC15,125.0,2625.0,premium
RES-00048,₹1500/day,,75.0,1575.0,premium
RES-00049,800,DISC15,40.0,840.0,premium
RES-00050,₹3000/day,BOGUS99,150.0,3150.0,eco
RES-00051,3000/day,DISC15,,3150.0,premium
RES-00052,3000/day,SAVE10,150.0,3150.0,premium
RES-00053,2000,BOGUS99,100.0,2100.0,standard
RES-00054,"₹ 2,000 /day",SAVE10,,2100.0,eco
RES-00055,1000,DISC15,,1050.0,eco
RES-00056,₹ 800 /day,SAVE10,40.0,840.0,eco
RES-00057,1200/day,,60.0,1260.0,standard
RES-00058,₹1200/day,SAVE10,60.0,1260.0,eco
RES-00059,"₹ 3,000 /day",DISC15,150.0,3150.0,eco
RES-00060,1000,,50.0,1050.0,premium
RES-00061,1200/day,BOGUS99,,1260.0,standard
RES-00062,1000,BOGUS99,50.0,1050.0,eco
RES-00063,2500,BOGUS99,125.0,2625.0,eco
RES-00064,800/day,DISC15,40.0,840.0,standard
RES-00065,₹1500/day,DISC15,75.0,1575.0,eco
RES-00066,1200/day,SAVE10,60.0,1260.0,standard
RES-00067,"₹ 2,000 /day",SAVE10,100.0,2100.0,eco
RES-00068,₹1000/day,,50.0,1050.0,standard
RES-00069,₹2000/day,DISC15,,2100.0,eco
RES-00070,3000/day,DISC15,,3150.0,premium
RES-00071,₹1500/day,SAVE10,75.0,1575.0,standard
RES-00072,1000/day,BOGUS99,50.0,1050.0,eco
RES-00073,800/day,DISC15,40.0,840.0,eco
RES-00074,₹1200/day,DISC15,60.0,1260.0,standard
RES-00075,800,BOGUS99,,840.0,eco
RES-00076,3000,BOGUS99,150.0,3150.0,premium
RES-00077,"₹ 3,000 /day",SAVE10,150.0,3150.0,premium
RES-00078,2000/day,,,2100.0,eco
RES-00079,1500/day,BOGUS99,75.0,1575.0,premium
RES-00080,3000/day,,150.0,3150.0,eco
RES-00081,"₹ 1,500 /day",,75.0,1575.0,standard
RES-00082,2500,SAVE10,,2625.0,eco
RES-00083,₹1200/day,DISC15,60.0,1260.0,eco
RES-00084,2000,DISC15,,2100.0,standard
RES-00085,1500/day,BOGUS99,,1575.0,standard
RES-00086,₹1500/day,BOGUS99,75.0,1575.0,premium
RES-00087,2000,BOGUS99,,2100.0,eco
RES-00088,"₹ 1,500 /day",BOGUS99,75.0,1575.0,premium
RES-00089,₹1500/day,SAVE10,,1575.0,premium
RES-00090,2000/day,,100.0,2100.0,premium
RES-00091,2500,,125.0,2625.0,standard
RES-00092,₹2500/day,,,2625.0,premium
RES-00093,1500,SAVE10,75.0,1575.0,standard
RES-00094,1200/day,BOGUS99,60.0,1260.0,standard
RES-00095,₹1000/day,,50.0,1050.0,premium
RES-00096,₹1500/day,BOGUS99,75.0,1575.0,standard
RES-00097,"₹ 1,500 /day",DISC15,75.0,1575.0,eco
RES-00098,2500,DISC15,125.0,2625.0,premium
RES-00099,"₹ 1,500 /day",SAVE10,75.0,1575.0,eco
RES-00100,1000/day,SAVE10,50.0,1050.0,standard
RES-00101,2000,,100.0,2100.0,eco
RES-00102,"₹ 1,500 /day",DISC15,75.0,1575.0,premium
RES-00103,3000,DISC15,150.0,3150.0,standard
RES-00104,1200,BOGUS99,60.0,1260.0,eco
RES-00105,800/day,DISC15,40.0,840.0,standard
RES-00106,1200/day,,60.0,1260.0,eco
RES-00107,1000/day,SAVE10,,1050.0,standard
RES-00108,₹1200/day,DISC15,,1260.0,eco
RES-00109,1500,DISC15,75.0,1575.0,premium
RES-00110,"₹ 3,000 /day",,150.0,3150.0,standard
RES-00111,1200,SAVE10,,1260.0,premium
RES-00112,1000,BOGUS99,,1050.0,premium
RES-00113,1200,BOGUS99,60.0,1260.0,eco
RES-00114,2000/day,,100.0,2100.0,eco
RES-00115,₹800/day,SAVE10,40.0,840.0,premium
RES-00116,3000,DISC15,,3150.0,standard
RES-00117,2500/day,BOGUS99,125.0,2625.0,premium
RES-00118,1000/day,SAVE10,50.0,1050.0,eco
RES-00119,2500/day,BOGUS99,125.0,2625.0,premium
RES-00120,2000/day,BOGUS99,100.0,2100.0,premium
RES-00121,"₹ 1,000 /day",,50.0,1050.0,eco
RES-00122,2000,,100.0,2100.0,standard
RES-00123,1200/day,SAVE10,60.0,1260.0,eco
RES-00124,1500/day,BOGUS99,75.0,1575.0,standard
RES-00125,"₹ 1,000 /day",SAVE10,,1050.0,premium
RES-00126,₹2000/day,BOGUS99,100.0,2100.0,standard
RES-00127,2000,,100.0,2100.0,eco
RES-00128,1200/day,DISC15,,1260.0,standard
RES-00129,1500/day,SAVE10,75.0,1575.0,premium
RES-00130,1500/day,,75.0,1575.0,standard
RES-00131,1500,BOGUS99,75.0,1575.0,standard
RES-00132,3000,BOGUS99,150.0,3150.0,eco
RES-00133,2500,,125.0,2625.0,eco
RES-00134,₹2000/day,DISC15,100.0,2100.0,standard
RES-00135,1200,SAVE10,60.0,1260.0,standard
RES-00136,1000,DISC15,,1050.0,standard
RES-00137,"₹ 1,000 /day",SAVE10,50.0,1050.0,eco
RES-00138,2500/day,SAVE10,,2625.0,premium
RES-00139,2500,BOGUS99,,2625.0,standard
RES-00140,₹ 800 /day,,40.0,840.0,standard
RES-00141,3000,,150.0,3150.0,premium
RES-00142,₹1200/day,BOGUS99,60.0,1260.0,standard
RES-00143,1500/day,DISC15,75.0,1575.0,eco
RES-00144,"₹ 2,000 /day",BOGUS99,100.0,2100.0,standard
RES-00145,"₹ 2,500 /day",,,2625.0,eco
RES-00146,"₹ 2,000 /day",SAVE10,100.0,2100.0,premium
RES-00147,"₹ 2,500 /day",,,2625.0,premium
RES-00148,3000,BOGUS99,150.0,3150.0,premium
RES-00149,2000/day,DISC15,100.0,2100.0,standard
RES-00150,₹2500/day,DISC15,,2625.0,standard
RES-00151,₹2000/day,DISC15,100.0,2100.0,standard
RES-00152,2500/day,DISC15,125.0,2625.0,standard
RES-00153,"₹ 1,200 /day",SAVE10,60.0,1260.0,standard
RES-00154,1000,DISC15,50.0,1050.0,standard
RES-00155,₹800/day,BOGUS99,40.0,840.0,premium
RES-00156,2000,BOGUS99,,2100.0,eco
RES-00157,1000,DISC15,50.0,1050.0,standard
RES-00158,₹2500/day,DISC15,125.0,2625.0,eco
RES-00159,₹800/day,SAVE10,40.0,840.0,eco
RES-00160,"₹ 1,500 /day",,75.0,1575.0,standard
RES-00161,3000,BOGUS99,150.0,3150.0,premium
RES-00162,1500/day,,75.0,1575.0,eco
RES-00163,"₹ 1,200 /day",SAVE10,60.0,1260.0,standard
RES-00164,₹2500/day,,125.0,2625.0,premium
RES-00165,₹3000/day,SAVE10,150.0,3150.0,eco
RES-00166,"₹ 1,500 /day",,,1575.0,standard
RES-00167,₹2000/day,DISC15,100.0,2100.0,standard
RES-00168,2000/day,SAVE10,100.0,2100.0,standard
RES-00169,"₹ 1,200 /day",DISC15,60.0,1260.0,standard
RES-00170,1000/day,SAVE10,,1050.0,standard
RES-00171,"₹ 2,500 /day",DISC15,125.0,2625.0,eco
RES-00172,"₹ 2,000 /day",,100.0,2100.0,standard
RES-00173,2000/day,SAVE10,100.0,2100.0,eco
RES-00174,₹2000/day,DISC15,100.0,2100.0,standard
RES-00175,₹2000/day,BOGUS99,,2100.0,premium
RES-00176,2500,DISC15,125.0,2625.0,eco
RES-00177,3000,SAVE10,150.0,3150.0,eco
RES-00178,₹2500/day,SAVE10,125.0,2625.0,standard
RES-00179,₹1200/day,,,1260.0,eco
RES-00180,800,SAVE10,40.0,840.0,eco
RES-00181,₹ 800 /day,DISC15,,840.0,standard
RES-00182,3000,SAVE10,150.0,3150.0,eco
RES-00183,800/day,DISC15,,840.0,eco
RES-00184,₹ 800 /day,,40.0,840.0,eco
RES-00185,2000/day,,100.0,2100.0,eco
RES-00186,2500,,125.0,2625.0,premium
RES-00187,"₹ 2,000 /day",BOGUS99,100.0,2100.0,premium
RES-00188,₹2000/day,DISC15,100.0,2100.0,eco
RES-00189,2000/day,BOGUS99,100.0,2100.0,standard
RES-00190,₹1500/day,SAVE10,75.0,1575.0,premium
RES-00191,₹3000/day,DISC15,150.0,3150.0,standard
RES-00192,1200,,60.0,1260.0,standard
RES-00193,1000/day,,50.0,1050.0,premium
RES-00194,₹ 800 /day,BOGUS99,40.0,840.0,premium
RES-00195,"₹ 2,500 /day",DISC15,125.0,2625.0,eco
RES-00196,₹1200/day,,,1260.0,premium
RES-00197,3000/day,DISC15,,3150.0,standard
RES-00198,"₹ 2,500 /day",BOGUS99,125.0,2625.0,eco
RES-00199,"₹ 3,000 /day",,150.0,3150.0,premium
RES-00200,₹ 800 /day,DISC15,40.0,840.0,standard
RES-00201,1200,SAVE10,60.0,1260.0,standard
RES-00202,2000/day,,100.0,2100.0,standard
RES-00203,"₹ 1,500 /day",SAVE10,75.0,1575.0,premium
RES-00204,₹3000/day,SAVE10,150.0,3150.0,eco
RES-00205,800,,40.0,840.0,eco
RES-00206,1000,BOGUS99,50.0,1050.0,standard
RES-00207,₹1500/day,DISC15,,1575.0,premium
RES-00208,2500/day,SAVE10,,2625.0,eco
RES-00209,₹3000/day,SAVE10,150.0,3150.0,standard
RES-00210,3000/day,SAVE10,150.0,3150.0,eco
RES-00211,₹2500/day,SAVE10,125.0,2625.0,eco
RES-00212,800/day,,40.0,840.0,standard
RES-00213,1000/day,BOGUS99,50.0,1050.0,eco
RES-00214,"₹ 1,000 /day",BOGUS99,50.0,1050.0,eco
RES-00215,2500/day,BOGUS99,125.0,2625.0,eco
RES-00216,"₹ 3,000 /day",BOGUS99,150.0,3150.0,premium
RES-00217,1500,,75.0,1575.0,standard
RES-00218,₹2000/day,,,2100.0,standard
RES-00219,"₹ 2,000 /day",SAVE10,100.0,2100.0,standard
RES-00220,"₹ 1,500 /day",,75.0,1575.0,standard
RES-00221,1200/day,DISC15,60.0,1260.0,eco
RES-00222,₹2000/day,BOGUS99,100.0,2100.0,premium
RES-00223,"₹ 3,000 /day",,150.0,3150.0,premium
RES-00224,₹2000/day,DISC15,100.0,2100.0,premium
RES-00225,₹3000/day,DISC15,150.0,3150.0,standard
RES-00226,₹ 800 /day,DISC15,,840.0,eco
RES-00227,₹800/day,BOGUS99,40.0,840.0,standard
RES-00228,3000/day,BOGUS99,150.0,3150.0,premium
RES-00229,"₹ 2,000 /day",DISC15,100.0,2100.0,standard
RES-00230,"₹ 2,500 /day",SAVE10,125.0,2625.0,premium
RES-00231,2500,SAVE10,125.0,2625.0,standard
RES-00232,1500,DISC15,75.0,1575.0,standard
RES-00233,₹2000/day,SAVE10,100.0,2100.0,standard
RES-00234,1200/day,SAVE10,60.0,1260.0,premium
RES-00235,800,SAVE10,,840.0,standard
RES-00236,"₹ 1,200 /day",,60.0,1260.0,standard
RES-00237,₹ 800 /day,BOGUS99,40.0,840.0,premium
RES-00238,2000/day,BOGUS99,100.0,2100.0,standard
RES-00239,₹2000/day,DISC15,100.0,2100.0,eco
RES-00240,₹ 800 /day,,40.0,840.0,eco
RES-00241,2500/day,DISC15,125.0,2625.0,eco
RES-00242,₹1500/day,SAVE10,75.0,1575.0,standard
RES-00243,1500/day,DISC15,75.0,1575.0,premium
RES-00244,3000/day,BOGUS99,,3150.0,eco
RES-00245,₹1000/day,BOGUS99,50.0,1050.0,eco
RES-00246,2000,SAVE10,100.0,2100.0,standard
RES-00247,"₹ 2,000 /day",DISC15,100.0,2100.0,eco
RES-00248,"₹ 1,000 /day",BOGUS99,50.0,1050.0,premium
RES-00249,"₹ 1,500 /day",BOGUS99,75.0,1575.0,standard
RES-00250,1000,SAVE10,50.0,1050.0,standard
RES-00251,800,DISC15,40.0,840.0,standard
RES-00252,₹1500/day,BOGUS99,,1575.0,eco
RES-00253,"₹ 2,500 /day",DISC15,,2625.0,eco
RES-00254,₹800/day,DISC15,40.0,840.0,standard
RES-00255,800/day,DISC15,,840.0,eco
RES-00256,2000,SAVE10,100.0,2100.0,standard
RES-00257,₹800/day,BOGUS99,40.0,840.0,eco
RES-00258,2500,,125.0,2625.0,premium
RES-00259,2500,DISC15,125.0,2625.0,eco
RES-00260,"₹ 1,200 /day",DISC15,60.0,1260.0,eco
RES-00261,"₹ 1,500 /day",SAVE10,,1575.0,standard
RES-00262,₹1500/day,DISC15,75.0,1575.0,premium
RES-00263,800,DISC15,40.0,840.0,standard
RES-00264,1500/day,SAVE10,75.0,1575.0,premium
RES-00265,₹1200/day,,60.0,1260.0,eco
RES-00266,2500,,,2625.0,eco
RES-00267,₹1500/day,DISC15,75.0,1575.0,eco
RES-00268,"₹ 2,500 /day",DISC15,,2625.0,premium
RES-00269,₹1200/day,DISC15,60.0,1260.0,premium
RES-00270,"₹ 2,500 /day",DISC15,125.0,2625.0,eco
RES-00271,2000,SAVE10,100.0,2100.0,eco
RES-00272,3000,SAVE10,150.0,3150.0,standard
RES-00273,₹2500/day,,125.0,2625.0,eco
RES-00274,₹2000/day,BOGUS99,100.0,2100.0,standard
RES-00275,2000/day,BOGUS99,100.0,2100.0,eco
RES-00276,₹2500/day,,125.0,2625.0,eco
RES-00277,"₹ 3,000 /day",BOGUS99,150.0,3150.0,standard
RES-00278,800/day,,40.0,840.0,standard
RES-00279,₹2500/day,DISC15,125.0,2625.0,premium
RES-00280,₹800/day,,40.0,840.0,standard
RES-00281,1000/day,,,1050.0,standard
RES-00282,2500,SAVE10,125.0,2625.0,eco
RES-00283,3000,SAVE10,,3150.0,standard
RES-00284,1000,DISC15,,1050.0,eco
RES-00285,1000,,50.0,1050.0,eco
RES-00286,1200,SAVE10,60.0,1260.0,standard
RES-00287,3000/day,SAVE10,150.0,3150.0,premium
RES-00288,"₹ 1,200 /day",SAVE10,,1260.0,standard
RES-00289,3000/day,BOGUS99,150.0,3150.0,standard
RES-00290,"₹ 3,000 /day",,,3150.0,premium
RES-00291,1200,DISC15,,1260.0,eco
RES-00292,2500,,125.0,2625.0,premium
RES-00293,2000,SAVE10,100.0,2100.0,eco
RES-00294,"₹ 2,500 /day",,125.0,2625.0,premium
RES-00295,₹1000/day,BOGUS99,50.0,1050.0,eco
RES-00296,₹2000/day,SAVE10,100.0,2100.0,standard
RES-00297,₹1200/day,SAVE10,60.0,1260.0,standard
RES-00298,3000/day,BOGUS99,,3150.0,standard
RES-00299,1000/day,SAVE10,,1050.0,standard
RES-00300,"₹ 1,000 /day",BOGUS99,50.0,1050.0,premium
RES-00301,"₹ 1,000 /day",DISC15,50.0,1050.0,premium
RES-00302,2000/day,SAVE10,100.0,2100.0,premium
RES-00303,"₹ 1,500 /day",BOGUS99,75.0,1575.0,premium
RES-00304,1200,BOGUS99,60.0,1260.0,standard
RES-00305,₹1200/day,SAVE10,60.0,1260.0,premium
RES-00306,"₹ 2,500 /day",BOGUS99,125.0,2625.0,eco
RES-00307,1500,BOGUS99,75.0,1575.0,standard
RES-00308,800/day,,40.0,840.0,eco
RES-00309,1000/day,,50.0,1050.0,premium
RES-00310,3000,DISC15,150.0,3150.0,premium
RES-00311,"₹ 3,000 /day",SAVE10,,3150.0,standard
RES-00312,2500/day,DISC15,125.0,2625.0,standard
RES-00313,3000,DISC15,150.0,3150.0,premium
RES-00314,2500/day,BOGUS99,125.0,2625.0,eco
RES-00315,2000/day,DISC15,,2100.0,standard
RES-00316,₹1000/day,SAVE10,50.0,1050.0,premium
RES-00317,"₹ 1,000 /day",SAVE10,50.0,1050.0,standard
RES-00318,800,SAVE10,40.0,840.0,standard
RES-00319,3000,BOGUS99,150.0,3150.0,eco
RES-00320,3000,SAVE10,150.0,3150.0,standard
RES-00321,₹1500/day,DISC15,75.0,1575.0,standard
RES-00322,₹1500/day,,75.0,1575.0,premium
RES-00323,₹800/day,SAVE10,40.0,840.0,eco
RES-00324,₹1000/day,SAVE10,50.0,1050.0,standard
RES-00325,₹1200/day,SAVE10,,1260.0,standard
RES-00326,2000/day,SAVE10,,2100.0,premium
RES-00327,"₹ 1,200 /day",,60.0,1260.0,eco
RES-00328,1000,SAVE10,50.0,1050.0,standard
RES-00329,2500/day,,125.0,2625.0,standard
RES-00330,1000,,50.0,1050.0,eco
RES-00331,"₹ 1,200 /day",,60.0,1260.0,standard
RES-00332,1500,BOGUS99,75.0,1575.0,eco
RES-00333,₹3000/day,,150.0,3150.0,premium
RES-00334,800/day,SAVE10,40.0,840.0,standard
RES-00335,1000/day,SAVE10,50.0,1050.0,standard
RES-00336,"₹ 1,000 /day",DISC15,50.0,1050.0,standard
RES-00337,₹2000/day,SAVE10,,2100.0,standard
RES-00338,3000/day,,,3150.0,standard
RES-00339,₹1500/day,BOGUS99,75.0,1575.0,eco
RES-00340,₹2500/day,DISC15,125.0,2625.0,standard
RES-00341,1000,BOGUS99,50.0,1050.0,eco
RES-00342,2500,,125.0,2625.0,eco
RES-00343,1200,DISC15,,1260.0,premium
RES-00344,2000/day,,100.0,2100.0,premium
RES-00345,2000,,100.0,2100.0,standard
RES-00346,800,BOGUS99,40.0,840.0,premium
RES-00347,1500/day,,75.0,1575.0,premium
RES-00348,₹ 800 /day,BOGUS99,40.0,840.0,eco
RES-00349,1000/day,,50.0,1050.0,premium
RES-00350,₹800/day,SAVE10,40.0,840.0,standard
RES-00351,₹1200/day,BOGUS99,60.0,1260.0,standard
RES-00352,2000,SAVE10,100.0,2100.0,standard
RES-00353,"₹ 1,000 /day",SAVE10,50.0,1050.0,standard
RES-00354,800/day,BOGUS99,40.0,840.0,standard
RES-00355,2000,DISC15,100.0,2100.0,premium
RES-00356,1200/day,,,1260.0,eco
RES-00357,₹800/day,BOGUS99,40.0,840.0,eco
RES-00358,"₹ 1,200 /day",BOGUS99,60.0,1260.0,premium
RES-00359,"₹ 1,500 /day",DISC15,75.0,1575.0,eco
RES-00360,₹ 800 /day,DISC15,40.0,840.0,eco
RES-00361,₹2500/day,SAVE10,125.0,2625.0,premium
RES-00362,3000/day,BOGUS99,150.0,3150.0,standard
RES-00363,₹ 800 /day,BOGUS99,40.0,840.0,premium
RES-00364,"₹ 1,000 /day",DISC15,50.0,1050.0,eco
RES-00365,₹1000/day,DISC15,50.0,1050.0,standard
RES-00366,₹1000/day,SAVE10,50.0,1050.0,premium
RES-00367,₹1500/day,BOGUS99,,1575.0,eco
RES-00368,₹3000/day,,150.0,3150.0,eco
RES-00369,₹2500/day,DISC15,,2625.0,standard
RES-00370,₹2500/day,DISC15,,2625.0,eco
RES-00371,"₹ 2,000 /day",,100.0,2100.0,premium
RES-00372,"₹ 1,000 /day",BOGUS99,50.0,1050.0,premium
RES-00373,1000,SAVE10,50.0,1050.0,standard
RES-00374,800/day,SAVE10,40.0,840.0,standard
RES-00375,1500/day,DISC15,75.0,1575.0,premium
RES-00376,1000/day,DISC15,50.0,1050.0,premium
RES-00377,2500,,125.0,2625.0,eco
RES-00378,₹1200/day,,60.0,1260.0,premium
RES-00379,"₹ 2,500 /day",SAVE10,125.0,2625.0,eco
RES-00380,2000,DISC15,100.0,2100.0,eco
RES-00381,1500,SAVE10,,1575.0,eco
RES-00382,₹2000/day,SAVE10,,2100.0,standard
RES-00383,₹1500/day,DISC15,75.0,1575.0,premium
RES-00384,800,,,840.0,premium
RES-00385,3000,,150.0,3150.0,premium
RES-00386,"₹ 1,000 /day",,50.0,1050.0,premium
RES-00387,₹1200/day,,60.0,1260.0,premium
RES-00388,1000/day,,50.0,1050.0,eco
RES-00389,"₹ 2,500 /day",SAVE10,125.0,2625.0,premium
RES-00390,₹1500/day,BOGUS99,,1575.0,premium
RES-00391,1000,BOGUS99,50.0,1050.0,premium
RES-00392,1500/day,DISC15,,1575.0,eco
RES-00393,1500/day,,75.0,1575.0,standard
RES-00394,1000/day,SAVE10,,1050.0,eco
RES-00395,3000/day,DISC15,150.0,3150.0,premium
RES-00396,3000,DISC15,150.0,3150.0,standard
RES-00397,800/day,SAVE10,,840.0,eco
RES-00398,₹1200/day,BOGUS99,60.0,1260.0,premium
RES-00399,"₹ 1,200 /day",SAVE10,,1260.0,premium
RES-00400,1500/day,,75.0,1575.0,eco
RES-00401,₹800/day,SAVE10,40.0,840.0,premium
RES-00402,₹1200/day,SAVE10,,1260.0,standard
RES-00403,"₹ 2,500 /day",SAVE10,125.0,2625.0,premium
RES-00404,1500,BOGUS99,,1575.0,standard
RES-00405,1200,SAVE10,60.0,1260.0,premium
RES-00406,"₹ 1,200 /day",SAVE10,,1260.0,premium
RES-00407,1000/day,SAVE10,50.0,1050.0,premium
RES-00408,"₹ 1,000 /day",DISC15,50.0,1050.0,premium
RES-00409,2000,SAVE10,100.0,2100.0,premium
RES-00410,3000,DISC15,150.0,3150.0,standard
RES-00411,1200/day,SAVE10,60.0,1260.0,eco
RES-00412,2500,,125.0,2625.0,standard
RES-00413,₹1200/day,BOGUS99,60.0,1260.0,eco
RES-00414,₹1000/day,DISC15,50.0,1050.0,eco
RES-00415,"₹ 1,200 /day",BOGUS99,60.0,1260.0,eco
RES-00416,"₹ 1,500 /day",,,1575.0,eco
RES-00417,1000,,50.0,1050.0,premium
RES-00418,₹1200/day,DISC15,,1260.0,eco
RES-00419,"₹ 2,500 /day",SAVE10,125.0,2625.0,premium
RES-00420,2500,SAVE10,125.0,2625.0,standard
RES-00421,1200/day,BOGUS99,60.0,1260.0,premium
RES-00422,800/day,BOGUS99,40.0,840.0,standard
RES-00423,"₹ 2,500 /day",DISC15,125.0,2625.0,standard
RES-00424,1500,BOGUS99,75.0,1575.0,standard
RES-00425,1500,SAVE10,75.0,1575.0,premium
RES-00426,1500/day,,75.0,1575.0,eco
RES-00427,2500/day,SAVE10,125.0,2625.0,standard
RES-00428,2000/day,,100.0,2100.0,eco
RES-00429,1000,BOGUS99,,1050.0,premium
RES-00430,₹1500/day,DISC15,75.0,1575.0,standard
RES-00431,₹2000/day,DISC15,,2100.0,premium
RES-00432,"₹ 1,500 /day",BOGUS99,75.0,1575.0,standard
RES-00433,₹2500/day,SAVE10,125.0,2625.0,premium
RES-00434,1200/day,BOGUS99,,1260.0,standard
RES-00435,2000/day,SAVE10,100.0,2100.0,standard
RES-00436,"₹ 2,000 /day",BOGUS99,,2100.0,eco
RES-00437,₹3000/day,BOGUS99,150.0,3150.0,premium
RES-00438,1200/day,SAVE10,,1260.0,standard
RES-00439,₹1500/day,DISC15,75.0,1575.0,eco
RES-00440,₹1500/day,SAVE10,,1575.0,premium
RES-00441,3000/day,DISC15,150.0,3150.0,standard
RES-00442,₹2500/day,,,2625.0,eco
RES-00443,1500/day,,75.0,1575.0,premium
RES-00444,1000/day,DISC15,50.0,1050.0,standard
RES-00445,₹2500/day,SAVE10,125.0,2625.0,eco
RES-00446,800,SAVE10,,840.0,eco
RES-00447,3000/day,SAVE10,150.0,3150.0,premium
RES-00448,1000/day,SAVE10,50.0,1050.0,premium
RES-00449,"₹ 2,500 /day",,,2625.0,eco
RES-00450,1000,BOGUS99,50.0,1050.0,eco
RES-00451,2000,SAVE10,100.0,2100.0,standard
RES-00452,1500,SAVE10,75.0,1575.0,eco
RES-00453,"₹ 2,500 /day",SAVE10,,2625.0,standard
RES-00454,3000,DISC15,,3150.0,standard
RES-00455,"₹ 2,500 /day",BOGUS99,125.0,2625.0,standard
RES-00456,₹1000/day,BOGUS99,,1050.0,eco
RES-00457,₹1500/day,DISC15,75.0,1575.0,premium
RES-00458,"₹ 2,500 /day",,125.0,2625.0,premium
RES-00459,1500/day,,,1575.0,premium
RES-00460,₹2000/day,,100.0,2100.0,eco
RES-00461,"₹ 2,000 /day",SAVE10,100.0,2100.0,eco
RES-00462,₹2000/day,DISC15,100.0,2100.0,premium
RES-00463,₹2500/day,,125.0,2625.0,premium
RES-00464,1500,SAVE10,75.0,1575.0,eco
RES-00465,"₹ 2,500 /day",,125.0,2625.0,standard
RES-00466,"₹ 2,000 /day",,100.0,2100.0,standard
RES-00467,1000/day,BOGUS99,,1050.0,premium
RES-00468,₹1000/day,SAVE10,50.0,1050.0,standard
RES-00469,"₹ 2,500 /day",,125.0,2625.0,standard
RES-00470,800,SAVE10,40.0,840.0,standard
RES-00471,3000/day,DISC15,150.0,3150.0,premium
RES-00472,"₹ 2,500 /day",,125.0,2625.0,premium
RES-00473,2500,SAVE10,,2625.0,premium
RES-00474,800/day,BOGUS99,,840.0,premium
RES-00475,1200,DISC15,,1260.0,eco
RES-00476,1500,SAVE10,,1575.0,premium
RES-00477,"₹ 1,200 /day",,60.0,1260.0,eco
RES-00478,1200/day,DISC15,,1260.0,standard
RES-00479,"₹ 1,000 /day",BOGUS99,50.0,1050.0,eco
RES-00480,"₹ 1,500 /day",DISC15,75.0,1575.0,standard
RES-00481,"₹ 3,000 /day",BOGUS99,,3150.0,eco
RES-00482,₹1000/day,,50.0,1050.0,eco
RES-00483,₹3000/day,DISC15,150.0,3150.0,premium
RES-00484,"₹ 3,000 /day",,150.0,3150.0,premium
RES-00485,₹1200/day,,60.0,1260.0,eco
RES-00486,₹ 800 /day,BOGUS99,,840.0,eco
RES-00487,"₹ 3,000 /day",SAVE10,150.0,3150.0,premium
RES-00488,3000,SAVE10,150.0,3150.0,eco
RES-00489,₹ 800 /day,,40.0,840.0,eco
RES-00490,2500/day,DISC15,125.0,2625.0,eco
RES-00491,1500,BOGUS99,75.0,1575.0,eco
RES-00492,₹1500/day,BOGUS99,75.0,1575.0,eco
RES-00493,"₹ 1,500 /day",BOGUS99,75.0,1575.0,premium
RES-00494,3000,,150.0,3150.0,premium
RES-00495,1000/day,DISC15,50.0,1050.0,standard
RES-00496,₹2500/day,DISC15,125.0,2625.0,eco
RES-00497,"₹ 2,500 /day",BOGUS99,125.0,2625.0,eco
RES-00498,₹2500/day,SAVE10,125.0,2625.0,eco
RES-00499,800/day,,40.0,840.0,premium
RES-00500,1200/day,DISC15,60.0,1260.0,eco
RES-00501,"₹ 3,000 /day",SAVE10,,3150.0,standard
RES-00502,1200,BOGUS99,60.0,1260.0,premium
RES-00503,1200/day,DISC15,60.0,1260.0,eco
RES-00504,₹1200/day,,60.0,1260.0,premium
RES-00505,1500,SAVE10,75.0,1575.0,standard
RES-00506,₹800/day,DISC15,,840.0,standard
RES-00507,₹800/day,SAVE10,40.0,840.0,eco
RES-00508,800,BOGUS99,40.0,840.0,eco
RES-00509,₹1500/day,BOGUS99,75.0,1575.0,eco
RES-00510,1500,DISC15,75.0,1575.0,standard
RES-00511,3000/day,,150.0,3150.0,premium
RES-00512,1500/day,DISC15,75.0,1575.0,eco
RES-00513,₹2000/day,BOGUS99,100.0,2100.0,premium
RES-00514,1000/day,DISC15,50.0,1050.0,standard
RES-00515,₹ 800 /day,DISC15,40.0,840.0,standard
RES-00516,1500,SAVE10,,1575.0,eco
RES-00517,3000,SAVE10,150.0,3150.0,standard
RES-00518,₹1000/day,,50.0,1050.0,premium
RES-00519,"₹ 1,200 /day",,60.0,1260.0,premium
RES-00520,1000/day,,50.0,1050.0,eco
RES-00521,800,,40.0,840.0,standard
RES-00522,1500,SAVE10,75.0,1575.0,eco
RES-00523,₹ 800 /day,SAVE10,40.0,840.0,premium
RES-00524,₹1200/day,DISC15,60.0,1260.0,standard
RES-00525,2500,,125.0,2625.0,eco
RES-00526,3000,DISC15,150.0,3150.0,standard
RES-00527,"₹ 1,500 /day",,75.0,1575.0,standard
RES-00528,1500,BOGUS99,75.0,1575.0,standard
RES-00529,₹1500/day,,75.0,1575.0,eco
RES-00530,800,,,840.0,premium
RES-00531,₹2500/day,DISC15,125.0,2625.0,premium
RES-00532,"₹ 1,000 /day",BOGUS99,50.0,1050.0,premium
RES-00533,3000/day,BOGUS99,,3150.0,premium
RES-00534,"₹ 3,000 /day",SAVE10,150.0,3150.0,standard
RES-00535,₹ 800 /day,,40.0,840.0,eco
RES-00536,"₹ 1,000 /day",DISC15,50.0,1050.0,premium
RES-00537,₹1500/day,BOGUS99,75.0,1575.0,premium
RES-00538,2500/day,,125.0,2625.0,eco
RES-00539,1200/day,SAVE10,60.0,1260.0,premium
RES-00540,3000,DISC15,150.0,3150.0,eco
RES-00541,₹2500/day,,125.0,2625.0,eco
RES-00542,2000/day,,100.0,2100.0,standard
RES-00543,₹800/day,SAVE10,40.0,840.0,standard
RES-00544,"₹ 1,200 /day",,,1260.0,standard
RES-00545,₹ 800 /day,BOGUS99,40.0,840.0,eco
RES-00546,"₹ 1,000 /day",BOGUS99,50.0,1050.0,eco
RES-00547,₹2500/day,DISC15,125.0,2625.0,eco
RES-00548,2500,,125.0,2625.0,eco
RES-00549,₹1500/day,,75.0,1575.0,eco
RES-00550,3000,DISC15,150.0,3150.0,premium
RES-00551,1000,SAVE10,50.0,1050.0,standard
RES-00552,800,SAVE10,40.0,840.0,standard
RES-00553,2500,,125.0,2625.0,premium
RES-00554,"₹ 1,500 /day",SAVE10,75.0,1575.0,premium
RES-00555,"₹ 2,500 /day",SAVE10,125.0,2625.0,premium
RES-00556,₹ 800 /day,DISC15,40.0,840.0,premium
RES-00557,2000,,100.0,2100.0,standard
RES-00558,800/day,DISC15,40.0,840.0,eco
RES-00559,3000,BOGUS99,,3150.0,eco
RES-00560,3000,DISC15,150.0,3150.0,eco
RES-00561,1200,SAVE10,60.0,1260.0,premium
RES-00562,800,BOGUS99,40.0,840.0,premium
RES-00563,"₹ 2,500 /day",,,2625.0,premium
RES-00564,800/day,BOGUS99,,840.0,standard
RES-00565,₹3000/day,DISC15,150.0,3150.0,eco
RES-00566,800/day,DISC15,40.0,840.0,premium
RES-00567,"₹ 3,000 /day",SAVE10,150.0,3150.0,premium
RES-00568,₹1000/day,DISC15,,1050.0,standard
RES-00569,"₹ 1,000 /day",BOGUS99,50.0,1050.0,premium
RES-00570,2500/day,DISC15,125.0,2625.0,eco
RES-00571,1000,SAVE10,50.0,1050.0,eco
RES-00572,₹1000/day,,50.0,1050.0,standard
RES-00573,"₹ 3,000 /day",DISC15,150.0,3150.0,premium
RES-00574,1200/day,SAVE10,60.0,1260.0,premium
RES-00575,₹ 800 /day,DISC15,40.0,840.0,standard
RES-00576,2000,,100.0,2100.0,premium
RES-00577,2500/day,,125.0,2625.0,standard
RES-00578,₹2000/day,,100.0,2100.0,premium
RES-00579,"₹ 2,000 /day",BOGUS99,100.0,2100.0,eco
RES-00580,₹1500/day,DISC15,,1575.0,eco
RES-00581,"₹ 1,000 /day",BOGUS99,50.0,1050.0,eco
RES-00582,1200,BOGUS99,,1260.0,eco
RES-00583,₹2500/day,SAVE10,125.0,2625.0,standard
RES-00584,"₹ 1,500 /day",DISC15,,1575.0,eco
RES-00585,"₹ 3,000 /day",DISC15,150.0,3150.0,standard
RES-00586,1500,SAVE10,,1575.0,standard
RES-00587,2500,SAVE10,125.0,2625.0,standard
RES-00588,1000/day,,,1050.0,standard
RES-00589,1200/day,SAVE10,60.0,1260.0,eco
RES-00590,1200/day,BOGUS99,,1260.0,premium
RES-00591,1000,BOGUS99,50.0,1050.0,eco
RES-00592,2500,SAVE10,,2625.0,eco
RES-00593,"₹ 1,000 /day",SAVE10,50.0,1050.0,eco
RES-00594,1000,BOGUS99,50.0,1050.0,standard
RES-00595,1500,DISC15,75.0,1575.0,standard
RES-00596,"₹ 3,000 /day",SAVE10,150.0,3150.0,standard
RES-00597,₹ 800 /day,DISC15,,840.0,premium
RES-00598,₹2000/day,BOGUS99,100.0,2100.0,standard
RES-00599,"₹ 3,000 /day",BOGUS99,150.0,3150.0,premium
RES-00600,1200,DISC15,60.0,1260.0,standard
RES-00601,₹1200/day,SAVE10,60.0,1260.0,standard
RES-00602,2000/day,DISC15,100.0,2100.0,premium
RES-00603,"₹ 1,000 /day",,50.0,1050.0,eco
RES-00604,1000,SAVE10,50.0,1050.0,eco
RES-00605,2000,BOGUS99,100.0,2100.0,eco
RES-00606,₹1200/day,DISC15,60.0,1260.0,standard
RES-00607,2500,BOGUS99,125.0,2625.0,standard
RES-00608,3000/day,BOGUS99,150.0,3150.0,eco
RES-00609,800/day,,40.0,840.0,standard
RES-00610,3000/day,BOGUS99,150.0,3150.0,premium
RES-00611,₹1500/day,BOGUS99,75.0,1575.0,premium
RES-00612,3000,BOGUS99,150.0,3150.0,standard
RES-00613,2500/day,,125.0,2625.0,premium
RES-00614,₹ 800 /day,BOGUS99,40.0,840.0,standard
RES-00615,1500/day,SAVE10,75.0,1575.0,standard
RES-00616,"₹ 1,000 /day",BOGUS99,50.0,1050.0,premium
RES-00617,2500,DISC15,125.0,2625.0,standard
RES-00618,₹1000/day,SAVE10,,1050.0,eco
RES-00619,2500/day,SAVE10,125.0,2625.0,premium
RES-00620,2500,,125.0,2625.0,premium
RES-00621,1500,DISC15,75.0,1575.0,premium
RES-00622,1200,BOGUS99,60.0,1260.0,eco
RES-00623,₹1500/day,DISC15,75.0,1575.0,premium
RES-00624,1500,,,1575.0,premium
RES-00625,"₹ 1,200 /day",SAVE10,,1260.0,standard
RES-00626,800/day,DISC15,40.0,840.0,standard
RES-00627,1200/day,DISC15,60.0,1260.0,premium
RES-00628,1500/day,DISC15,,1575.0,premium
RES-00629,1000/day,,50.0,1050.0,eco
RES-00630,1000,,,1050.0,premium
RES-00631,₹800/day,,,840.0,premium
RES-00632,₹1200/day,,60.0,1260.0,premium
RES-00633,1200,DISC15,60.0,1260.0,standard
RES-00634,1200,BOGUS99,60.0,1260.0,premium
RES-00635,2500/day,SAVE10,125.0,2625.0,eco
RES-00636,₹2000/day,SAVE10,,2100.0,premium
RES-00637,₹2500/day,SAVE10,125.0,2625.0,premium
RES-00638,"₹ 3,000 /day",SAVE10,150.0,3150.0,premium
RES-00639,₹2500/day,DISC15,125.0,2625.0,premium
RES-00640,3000,SAVE10,,3150.0,standard
RES-00641,"₹ 1,200 /day",DISC15,60.0,1260.0,standard
RES-00642,800/day,BOGUS99,,840.0,eco
RES-00643,"₹ 1,200 /day",BOGUS99,60.0,1260.0,premium
RES-00644,"₹ 1,200 /day",,60.0,1260.0,standard
RES-00645,₹1500/day,DISC15,75.0,1575.0,eco
RES-00646,800,SAVE10,40.0,840.0,standard
RES-00647,1200,DISC15,60.0,1260.0,premium
RES-00648,2000,SAVE10,100.0,2100.0,standard
RES-00649,"₹ 3,000 /day",BOGUS99,150.0,3150.0,eco
RES-00650,800/day,DISC15,40.0,840.0,premium
RES-00651,800/day,BOGUS99,40.0,840.0,eco
RES-00652,₹2500/day,,125.0,2625.0,eco
RES-00653,₹1000/day,SAVE10,50.0,1050.0,eco
RES-00654,₹1200/day,SAVE10,60.0,1260.0,premium
RES-00655,₹1200/day,SAVE10,60.0,1260.0,standard
RES-00656,₹ 800 /day,DISC15,40.0,840.0,premium
RES-00657,"₹ 1,500 /day",SAVE10,75.0,1575.0,standard
RES-00658,₹800/day,BOGUS99,40.0,840.0,standard
RES-00659,₹800/day,,40.0,840.0,eco
RES-00660,2500,,125.0,2625.0,standard
RES-00661,3000,DISC15,150.0,3150.0,standard
RES-00662,"₹ 1,500 /day",DISC15,75.0,1575.0,premium
RES-00663,₹1000/day,,50.0,1050.0,eco
RES-00664,1000/day,SAVE10,50.0,1050.0,premium
RES-00665,"₹ 3,000 /day",DISC15,150.0,3150.0,premium
RES-00666,1500,SAVE10,,1575.0,standard
RES-00667,"₹ 2,000 /day",SAVE10,,2100.0,standard
RES-00668,"₹ 2,500 /day",DISC15,125.0,2625.0,premium
RES-00669,1500/day,SAVE10,75.0,1575.0,eco
RES-00670,₹1000/day,SAVE10,50.0,1050.0,standard
RES-00671,2000/day,SAVE10,100.0,2100.0,eco
RES-00672,₹1500/day,DISC15,,1575.0,standard
RES-00673,₹1500/day,BOGUS99,75.0,1575.0,eco
RES-00674,1500,SAVE10,75.0,1575.0,standard
RES-00675,"₹ 1,200 /day",DISC15,60.0,1260.0,standard
RES-00676,1200,,,1260.0,eco
RES-00677,1200,BOGUS99,60.0,1260.0,premium
RES-00678,800/day,DISC15,,840.0,standard
RES-00679,1200,SAVE10,60.0,1260.0,standard
RES-00680,"₹ 1,500 /day",DISC15,75.0,1575.0,premium
RES-00681,₹800/day,,,840.0,standard
RES-00682,"₹ 2,000 /day",BOGUS99,,2100.0,eco
RES-00683,2500/day,BOGUS99,125.0,2625.0,eco
RES-00684,₹1500/day,SAVE10,75.0,1575.0,eco
RES-00685,₹800/day,SAVE10,40.0,840.0,standard
RES-00686,3000/day,,150.0,3150.0,standard
RES-00687,"₹ 1,500 /day",BOGUS99,,1575.0,premium
RES-00688,"₹ 2,000 /day",,100.0,2100.0,premium
RES-00689,₹2500/day,BOGUS99,125.0,2625.0,standard
RES-00690,1000/day,DISC15,50.0,1050.0,eco
RES-00691,"₹ 2,000 /day",,,2100.0,eco
RES-00692,₹3000/day,BOGUS99,,3150.0,eco
RES-00693,₹800/day,SAVE10,,840.0,eco
RES-00694,1200/day,SAVE10,60.0,1260.0,eco
RES-00695,2000/day,DISC15,100.0,2100.0,eco
RES-00696,₹2000/day,DISC15,100.0,2100.0,eco
RES-00697,3000,,150.0,3150.0,eco
RES-00698,₹3000/day,DISC15,150.0,3150.0,premium
RES-00699,"₹ 1,000 /day",BOGUS99,50.0,1050.0,premium
RES-00700,₹2000/day,,100.0,2100.0,eco
RES-00701,₹2000/day,BOGUS99,100.0,2100.0,eco
RES-00702,2500,DISC15,125.0,2625.0,standard
RES-00703,₹3000/day,SAVE10,150.0,3150.0,eco
RES-00704,800,,40.0,840.0,standard
RES-00705,800/day,DISC15,40.0,840.0,standard
RES-00706,800,SAVE10,,840.0,standard
RES-00707,₹3000/day,DISC15,,3150.0,standard
RES-00708,800,DISC15,40.0,840.0,premium
RES-00709,"₹ 2,500 /day",BOGUS99,125.0,2625.0,standard
RES-00710,2000,BOGUS99,100.0,2100.0,premium
RES-00711,"₹ 2,500 /day",BOGUS99,125.0,2625.0,eco
RES-00712,1200/day,DISC15,,1260.0,eco
RES-00713,₹3000/day,,150.0,3150.0,standard
RES-00714,1200/day,BOGUS99,60.0,1260.0,standard
RES-00715,₹2500/day,,125.0,2625.0,eco
RES-00716,2000/day,SAVE10,100.0,2100.0,eco
RES-00717,1200/day,SAVE10,60.0,1260.0,eco
RES-00718,2500/day,SAVE10,125.0,2625.0,standard
RES-00719,₹1200/day,,60.0,1260.0,eco
RES-00720,1500,BOGUS99,75.0,1575.0,premium
RES-00721,1500,,,1575.0,premium
RES-00722,₹800/day,,40.0,840.0,premium
RES-00723,₹800/day,BOGUS99,,840.0,premium
RES-00724,1200,SAVE10,60.0,1260.0,premium
RES-00725,"₹ 1,000 /day",,50.0,1050.0,eco
RES-00726,1500,SAVE10,,1575.0,standard
RES-00727,"₹ 2,500 /day",DISC15,125.0,2625.0,eco
RES-00728,₹2500/day,BOGUS99,125.0,2625.0,standard
RES-00729,"₹ 1,500 /day",,75.0,1575.0,eco
RES-00730,800/day,SAVE10,40.0,840.0,standard
RES-00731,₹ 800 /day,DISC15,40.0,840.0,premium
RES-00732,"₹ 2,500 /day",,,2625.0,eco
RES-00733,₹2500/day,SAVE10,125.0,2625.0,premium
RES-00734,"₹ 2,500 /day",,125.0,2625.0,standard
RES-00735,1000/day,SAVE10,50.0,1050.0,premium
RES-00736,"₹ 1,200 /day",BOGUS99,,1260.0,standard
RES-00737,3000,SAVE10,150.0,3150.0,standard
RES-00738,₹2500/day,,,2625.0,standard
RES-00739,1000,,50.0,1050.0,premium
RES-00740,3000,,,3150.0,premium
RES-00741,₹1000/day,,50.0,1050.0,standard
RES-00742,1000,BOGUS99,50.0,1050.0,premium
RES-00743,₹2000/day,BOGUS99,100.0,2100.0,standard
RES-00744,800,BOGUS99,,840.0,standard
RES-00745,1500,,,1575.0,premium
RES-00746,3000/day,SAVE10,150.0,3150.0,premium
RES-00747,800,DISC15,40.0,840.0,standard
RES-00748,"₹ 1,000 /day",SAVE10,,1050.0,standard
RES-00749,1200/day,SAVE10,60.0,1260.0,eco
RES-00750,₹ 800 /day,SAVE10,40.0,840.0,premium
RES-00751,₹1500/day,BOGUS99,,1575.0,standard
RES-00752,1200,BOGUS99,60.0,1260.0,standard
RES-00753,"₹ 2,500 /day",BOGUS99,125.0,2625.0,premium
RES-00754,2500/day,SAVE10,,2625.0,premium
RES-00755,3000/day,DISC15,150.0,3150.0,premium
RES-00756,3000/day,,,3150.0,standard
RES-00757,₹2000/day,BOGUS99,100.0,2100.0,premium
RES-00758,"₹ 1,000 /day",DISC15,50.0,1050.0,premium
RES-00759,₹3000/day,DISC15,150.0,3150.0,standard
RES-00760,2000/day,,100.0,2100.0,eco
RES-00761,1500/day,BOGUS99,75.0,1575.0,standard
RES-00762,2000/day,DISC15,,2100.0,premium
RES-00763,3000/day,SAVE10,150.0,3150.0,premium
RES-00764,₹800/day,BOGUS99,40.0,840.0,eco
RES-00765,1500,,,1575.0,eco
RES-00766,₹1200/day,SAVE10,,1260.0,standard
RES-00767,3000/day,BOGUS99,,3150.0,standard
RES-00768,1200,DISC15,,1260.0,premium
RES-00769,₹2000/day,DISC15,100.0,2100.0,eco
RES-00770,₹800/day,,40.0,840.0,eco
RES-00771,1000/day,,50.0,1050.0,premium
RES-00772,2500/day,,125.0,2625.0,premium
RES-00773,₹2000/day,DISC15,100.0,2100.0,eco
RES-00774,800/day,SAVE10,,840.0,premium
RES-00775,₹2500/day,SAVE10,125.0,2625.0,standard
RES-00776,"₹ 1,000 /day",DISC15,50.0,1050.0,standard
RES-00777,2500,DISC15,125.0,2625.0,eco
RES-00778,"₹ 2,000 /day",BOGUS99,100.0,2100.0,eco
RES-00779,1200/day,SAVE10,60.0,1260.0,standard
RES-00780,2000,DISC15,100.0,2100.0,eco
RES-00781,₹2500/day,DISC15,125.0,2625.0,premium
RES-00782,₹2500/day,SAVE10,125.0,2625.0,premium
RES-00783,₹3000/day,SAVE10,150.0,3150.0,premium
RES-00784,1000,DISC15,50.0,1050.0,premium
RES-00785,1500,,,1575.0,standard
RES-00786,₹1500/day,BOGUS99,75.0,1575.0,premium
RES-00787,3000/day,BOGUS99,150.0,3150.0,premium
RES-00788,800,BOGUS99,40.0,840.0,standard
RES-00789,2000,DISC15,100.0,2100.0,standard
RES-00790,"₹ 1,500 /day",BOGUS99,75.0,1575.0,standard
RES-00791,₹1000/day,,50.0,1050.0,standard
RES-00792,800,SAVE10,,840.0,premium
RES-00793,1000,SAVE10,50.0,1050.0,eco
RES-00794,2000/day,DISC15,100.0,2100.0,standard
RES-00795,₹2500/day,SAVE10,125.0,2625.0,premium
RES-00796,2000,DISC15,100.0,2100.0,standard
RES-00797,"₹ 1,000 /day",DISC15,50.0,1050.0,eco
RES-00798,"₹ 2,500 /day",SAVE10,,2625.0,standard
RES-00799,1000/day,,50.0,1050.0,eco
RES-00800,"₹ 2,500 /day",BOGUS99,125.0,2625.0,premium
RES-00801,₹1000/day,SAVE10,50.0,1050.0,premium
RES-00802,"₹ 1,000 /day",DISC15,50.0,1050.0,standard
RES-00803,1500/day,,75.0,1575.0,premium
RES-00804,1000,,50.0,1050.0,premium
RES-00805,₹2000/day,,100.0,2100.0,eco
RES-00806,₹2500/day,DISC15,125.0,2625.0,eco
RES-00807,"₹ 3,000 /day",DISC15,150.0,3150.0,premium
RES-00808,3000,DISC15,150.0,3150.0,standard
RES-00809,₹ 800 /day,BOGUS99,40.0,840.0,eco
RES-00810,2500,SAVE10,125.0,2625.0,premium
RES-00811,"₹ 2,500 /day",BOGUS99,125.0,2625.0,eco
RES-00812,"₹ 1,500 /day",,75.0,1575.0,standard
RES-00813,800,SAVE10,40.0,840.0,premium
RES-00814,3000,BOGUS99,,3150.0,eco
RES-00815,2000,SAVE10,100.0,2100.0,standard
RES-00816,₹800/day,SAVE10,,840.0,eco
RES-00817,1200,BOGUS99,60.0,1260.0,eco
RES-00818,₹2500/day,BOGUS99,,2625.0,eco
RES-00819,₹ 800 /day,DISC15,40.0,840.0,premium
RES-00820,3000/day,,150.0,3150.0,eco
RES-00821,₹2000/day,SAVE10,,2100.0,eco
RES-00822,800,,40.0,840.0,eco
RES-00823,1200,,60.0,1260.0,premium
RES-00824,800,SAVE10,40.0,840.0,standard
RES-00825,"₹ 2,500 /day",,125.0,2625.0,standard
RES-00826,"₹ 1,200 /day",DISC15,,1260.0,eco
RES-00827,1000/day,DISC15,50.0,1050.0,eco
RES-00828,"₹ 1,500 /day",,75.0,1575.0,standard
RES-00829,1500/day,,75.0,1575.0,standard
RES-00830,1000/day,BOGUS99,50.0,1050.0,premium
RES-00831,"₹ 1,500 /day",,,1575.0,standard
RES-00832,1200/day,DISC15,,1260.0,standard
RES-00833,₹3000/day,,150.0,3150.0,eco
RES-00834,"₹ 1,500 /day",SAVE10,75.0,1575.0,standard
RES-00835,800,BOGUS99,40.0,840.0,premium
RES-00836,3000,BOGUS99,150.0,3150.0,eco
RES-00837,3000/day,DISC15,,3150.0,standard
RES-00838,"₹ 1,000 /day",DISC15,50.0,1050.0,standard
RES-00839,₹1200/day,DISC15,60.0,1260.0,eco
RES-00840,₹2000/day,DISC15,,2100.0,standard
RES-00841,₹2500/day,DISC15,,2625.0,standard
RES-00842,1000/day,DISC15,50.0,1050.0,standard
RES-00843,₹1200/day,SAVE10,,1260.0,standard
RES-00844,₹800/day,,40.0,840.0,premium
RES-00845,₹2000/day,SAVE10,100.0,2100.0,standard
RES-00846,3000/day,DISC15,150.0,3150.0,premium
RES-00847,₹800/day,SAVE10,40.0,840.0,standard
RES-00848,₹800/day,BOGUS99,40.0,840.0,eco
RES-00849,2000/day,SAVE10,100.0,2100.0,standard
RES-00850,"₹ 1,000 /day",SAVE10,,1050.0,premium
RES-00851,"₹ 1,500 /day",BOGUS99,75.0,1575.0,eco
RES-00852,800/day,DISC15,40.0,840.0,premium
RES-00853,800/day,SAVE10,,840.0,eco
RES-00854,1500/day,SAVE10,75.0,1575.0,eco
RES-00855,2000/day,SAVE10,100.0,2100.0,eco
RES-00856,1500,,75.0,1575.0,standard
RES-00857,800,,40.0,840.0,eco
RES-00858,800,SAVE10,40.0,840.0,eco
RES-00859,1000/day,DISC15,50.0,1050.0,eco
RES-00860,2500/day,DISC15,125.0,2625.0,standard
RES-00861,"₹ 1,000 /day",BOGUS99,,1050.0,premium
RES-00862,3000,SAVE10,150.0,3150.0,standard
RES-00863,₹2500/day,DISC15,125.0,2625.0,premium
RES-00864,₹ 800 /day,,40.0,840.0,standard
RES-00865,2500,,125.0,2625.0,standard
RES-00866,2000/day,SAVE10,,2100.0,premium
RES-00867,"₹ 1,000 /day",DISC15,50.0,1050.0,eco
RES-00868,₹3000/day,BOGUS99,,3150.0,eco
RES-00869,2000,,100.0,2100.0,standard
RES-00870,"₹ 3,000 /day",BOGUS99,150.0,3150.0,eco
RES-00871,2500/day,SAVE10,125.0,2625.0,eco
RES-00872,1200/day,BOGUS99,,1260.0,premium
RES-00873,2500/day,BOGUS99,125.0,2625.0,eco
RES-00874,"₹ 1,000 /day",DISC15,,1050.0,standard
RES-00875,1000,DISC15,50.0,1050.0,premium
RES-00876,₹ 800 /day,DISC15,40.0,840.0,premium
RES-00877,800,BOGUS99,40.0,840.0,standard
RES-00878,₹1200/day,,60.0,1260.0,premium
RES-00879,₹1200/day,BOGUS99,60.0,1260.0,eco
RES-00880,"₹ 3,000 /day",SAVE10,,3150.0,eco
RES-00881,2500/day,DISC15,125.0,2625.0,standard
RES-00882,2500/day,DISC15,125.0,2625.0,eco
RES-00883,"₹ 2,000 /day",DISC15,100.0,2100.0,premium
RES-00884,2500,BOGUS99,125.0,2625.0,standard
RES-00885,1500/day,,75.0,1575.0,premium
RES-00886,₹1500/day,BOGUS99,75.0,1575.0,standard
RES-00887,₹3000/day,,150.0,3150.0,eco
RES-00888,₹1000/day,DISC15,,1050.0,standard
RES-00889,₹1500/day,DISC15,75.0,1575.0,standard
RES-00890,2000,SAVE10,100.0,2100.0,standard
RES-00891,2000/day,BOGUS99,,2100.0,eco
RES-00892,2000/day,,100.0,2100.0,standard
RES-00893,2000/day,,100.0,2100.0,premium
RES-00894,₹3000/day,SAVE10,,3150.0,standard
RES-00895,₹2500/day,SAVE10,,2625.0,eco
RES-00896,2000/day,DISC15,,2100.0,eco
RES-00897,₹ 800 /day,SAVE10,,840.0,standard
RES-00898,"₹ 2,500 /day",BOGUS99,125.0,2625.0,eco
RES-00899,800/day,BOGUS99,40.0,840.0,premium
RES-00900,₹1000/day,SAVE10,50.0,1050.0,eco
RES-00901,800/day,SAVE10,40.0,840.0,premium
RES-00902,3000/day,DISC15,150.0,3150.0,premium
RES-00903,3000/day,DISC15,150.0,3150.0,premium
RES-00904,"₹ 3,000 /day",SAVE10,,3150.0,eco
RES-00905,1000/day,SAVE10,50.0,1050.0,premium
RES-00906,800,BOGUS99,40.0,840.0,eco
RES-00907,1000,,50.0,1050.0,standard
RES-00908,800,DISC15,,840.0,standard
RES-00909,₹ 800 /day,SAVE10,40.0,840.0,eco
RES-00910,"₹ 2,000 /day",,100.0,2100.0,eco
RES-00911,3000/day,SAVE10,150.0,3150.0,premium
RES-00912,1500,,,1575.0,premium
RES-00913,2000,DISC15,100.0,2100.0,eco
RES-00914,800,,40.0,840.0,premium
RES-00915,800/day,BOGUS99,40.0,840.0,premium
RES-00916,2500,SAVE10,125.0,2625.0,premium
RES-00917,₹1200/day,,,1260.0,premium
RES-00918,2000,DISC15,100.0,2100.0,eco
RES-00919,1200/day,SAVE10,60.0,1260.0,premium
RES-00920,2500,BOGUS99,125.0,2625.0,eco
RES-00921,"₹ 1,200 /day",SAVE10,60.0,1260.0,premium
RES-00922,"₹ 3,000 /day",DISC15,150.0,3150.0,eco
RES-00923,"₹ 3,000 /day",BOGUS99,150.0,3150.0,premium
RES-00924,₹1500/day,,75.0,1575.0,eco
RES-00925,₹2000/day,,100.0,2100.0,eco
RES-00926,1000,SAVE10,50.0,1050.0,premium
RES-00927,₹1000/day,BOGUS99,,1050.0,standard
RES-00928,₹ 800 /day,,40.0,840.0,premium
RES-00929,2500,BOGUS99,125.0,2625.0,eco
RES-00930,"₹ 2,500 /day",SAVE10,125.0,2625.0,eco
RES-00931,₹1500/day,,75.0,1575.0,eco
RES-00932,₹3000/day,,150.0,3150.0,premium
RES-00933,"₹ 2,000 /day",DISC15,100.0,2100.0,eco
RES-00934,2000/day,BOGUS99,100.0,2100.0,premium
RES-00935,₹1200/day,BOGUS99,60.0,1260.0,standard
RES-00936,2500,BOGUS99,125.0,2625.0,eco
RES-00937,1200/day,,60.0,1260.0,standard
RES-00938,₹1200/day,,60.0,1260.0,premium
RES-00939,₹2000/day,,100.0,2100.0,eco
RES-00940,1500/day,SAVE10,,1575.0,standard
RES-00941,1000/day,BOGUS99,50.0,1050.0,standard
RES-00942,"₹ 2,000 /day",,100.0,2100.0,premium
RES-00943,₹2500/day,BOGUS99,125.0,2625.0,premium
RES-00944,"₹ 1,200 /day",,60.0,1260.0,premium
RES-00945,₹ 800 /day,DISC15,40.0,840.0,standard
RES-00946,₹2000/day,SAVE10,100.0,2100.0,premium
RES-00947,"₹ 2,500 /day",SAVE10,,2625.0,standard
RES-00948,"₹ 2,000 /day",,100.0,2100.0,premium
RES-00949,₹800/day,,40.0,840.0,standard
RES-00950,₹1500/day,SAVE10,,1575.0,eco
RES-00951,800,BOGUS99,40.0,840.0,eco
RES-00952,1500,DISC15,,1575.0,premium
RES-00953,₹1000/day,BOGUS99,50.0,1050.0,standard
RES-00954,₹2000/day,BOGUS99,100.0,2100.0,premium
RES-00955,₹800/day,BOGUS99,40.0,840.0,eco
RES-00956,₹2000/day,BOGUS99,100.0,2100.0,standard
RES-00957,₹800/day,DISC15,40.0,840.0,eco
RES-00958,2000,DISC15,100.0,2100.0,standard
RES-00959,"₹ 1,200 /day",DISC15,60.0,1260.0,premium
RES-00960,2000/day,SAVE10,,2100.0,standard
RES-00961,3000,BOGUS99,150.0,3150.0,standard
RES-00962,1200/day,DISC15,60.0,1260.0,premium
RES-00963,800/day,BOGUS99,40.0,840.0,premium
RES-00964,₹2500/day,,125.0,2625.0,premium
RES-00965,2500,SAVE10,,2625.0,eco
RES-00966,2000,,100.0,2100.0,eco
RES-00967,800,,40.0,840.0,standard
RES-00968,1000/day,SAVE10,50.0,1050.0,premium
RES-00969,₹2000/day,,100.0,2100.0,premium
RES-00970,₹3000/day,SAVE10,150.0,3150.0,standard
RES-00971,₹1500/day,DISC15,75.0,1575.0,premium
RES-00972,800,DISC15,40.0,840.0,standard
RES-00973,1500,BOGUS99,75.0,1575.0,eco
RES-00974,₹ 800 /day,SAVE10,40.0,840.0,standard
RES-00975,2000,BOGUS99,100.0,2100.0,eco
RES-00976,"₹ 1,000 /day",DISC15,50.0,1050.0,standard
RES-00977,"₹ 2,000 /day",BOGUS99,100.0,2100.0,standard
RES-00978,800,,40.0,840.0,premium
RES-00979,₹800/day,DISC15,,840.0,premium
RES-00980,₹ 800 /day,DISC15,40.0,840.0,standard
RES-00981,1200,SAVE10,60.0,1260.0,standard
RES-00982,₹1000/day,BOGUS99,50.0,1050.0,premium
RES-00983,3000,SAVE10,150.0,3150.0,premium
RES-00984,800,BOGUS99,40.0,840.0,standard
RES-00985,"₹ 1,500 /day",SAVE10,75.0,1575.0,premium
RES-00986,1200/day,,60.0,1260.0,eco
RES-00987,₹ 800 /day,BOGUS99,40.0,840.0,standard
RES-00988,800,DISC15,40.0,840.0,eco
RES-00989,800/day,DISC15,40.0,840.0,eco
RES-00990,3000,BOGUS99,150.0,3150.0,standard
RES-00991,"₹ 1,000 /day",,50.0,1050.0,premium
RES-00992,₹1500/day,,75.0,1575.0,eco
RES-00993,₹1500/day,BOGUS99,75.0,1575.0,eco
RES-00994,3000/day,DISC15,,3150.0,standard
RES-00995,₹800/day,BOGUS99,40.0,840.0,standard
RES-00996,1000,DISC15,50.0,1050.0,eco
RES-00997,3000/day,SAVE10,150.0,3150.0,standard
RES-00998,800/day,DISC15,40.0,840.0,standard
RES-00999,1000,,,1050.0,premium
RES-01000,1000/day,SAVE10,50.0,1050.0,eco
RES-01001,₹2500/day,,,2625.0,premium
RES-01002,₹1000/day,DISC15,50.0,1050.0,premium
RES-01003,1500,DISC15,,1575.0,standard
RES-01004,₹ 800 /day,SAVE10,40.0,840.0,eco
RES-01005,1200,DISC15,60.0,1260.0,eco
RES-01006,1200,SAVE10,60.0,1260.0,premium
RES-01007,2000,DISC15,,2100.0,eco
RES-01008,"₹ 3,000 /day",SAVE10,150.0,3150.0,standard
RES-01009,2000/day,,100.0,2100.0,premium
RES-01010,3000,DISC15,150.0,3150.0,premium
RES-01011,₹1500/day,BOGUS99,75.0,1575.0,premium
RES-01012,2000/day,,100.0,2100.0,eco
RES-01013,₹1000/day,BOGUS99,50.0,1050.0,premium
RES-01014,₹2500/day,BOGUS99,,2625.0,premium
RES-01015,₹1000/day,DISC15,50.0,1050.0,standard
RES-01016,₹3000/day,SAVE10,150.0,3150.0,standard
RES-01017,800/day,,40.0,840.0,eco
RES-01018,2500/day,DISC15,,2625.0,premium
RES-01019,800,,40.0,840.0,standard
RES-01020,"₹ 1,200 /day",DISC15,60.0,1260.0,standard
RES-01021,2500,BOGUS99,,2625.0,eco
RES-01022,1500,,,1575.0,eco
RES-01023,2500/day,,125.0,2625.0,standard
RES-01024,2500,DISC15,,2625.0,standard
RES-01025,1200,DISC15,60.0,1260.0,premium
RES-01026,2500/day,SAVE10,125.0,2625.0,eco
RES-01027,1000/day,DISC15,50.0,1050.0,eco
RES-01028,1000,,50.0,1050.0,standard
RES-01029,1200/day,SAVE10,60.0,1260.0,eco
RES-01030,"₹ 2,500 /day",,125.0,2625.0,premium
RES-01031,2000,SAVE10,100.0,2100.0,eco
RES-01032,₹ 800 /day,SAVE10,40.0,840.0,premium
RES-01033,1000,,50.0,1050.0,premium
RES-01034,2500/day,,125.0,2625.0,standard
RES-01035,"₹ 1,500 /day",SAVE10,,1575.0,premium
RES-01036,₹2500/day,,125.0,2625.0,premium
RES-01037,3000/day,,,3150.0,eco
RES-01038,₹2000/day,,100.0,2100.0,standard
RES-01039,₹1500/day,,75.0,1575.0,eco
RES-01040,₹2500/day,DISC15,125.0,2625.0,standard
RES-01041,1500,DISC15,,1575.0,eco
RES-01042,"₹ 2,000 /day",SAVE10,100.0,2100.0,premium
RES-01043,1000/day,BOGUS99,50.0,1050.0,premium
RES-01044,1000/day,,,1050.0,eco
RES-01045,"₹ 1,000 /day",DISC15,50.0,1050.0,premium
RES-01046,₹3000/day,BOGUS99,150.0,3150.0,standard
RES-01047,2000,DISC15,100.0,2100.0,standard
RES-01048,"₹ 1,200 /day",SAVE10,60.0,1260.0,premium
RES-01049,₹1000/day,DISC15,50.0,1050.0,eco
RES-01050,"₹ 1,000 /day",DISC15,50.0,1050.0,standard
RES-01051,"₹ 1,500 /day",,75.0,1575.0,standard
RES-01052,₹ 800 /day,BOGUS99,40.0,840.0,eco
RES-01053,2000/day,SAVE10,,2100.0,premium
RES-01054,"₹ 2,500 /day",DISC15,125.0,2625.0,standard
RES-01055,1200,DISC15,60.0,1260.0,premium
RES-01056,1200,DISC15,60.0,1260.0,standard
RES-01057,₹ 800 /day,SAVE10,,840.0,standard
RES-01058,1500/day,,75.0,1575.0,standard
RES-01059,₹2500/day,BOGUS99,,2625.0,eco
RES-01060,₹3000/day,DISC15,150.0,3150.0,premium
RES-01061,1000,BOGUS99,50.0,1050.0,premium
RES-01062,₹1500/day,SAVE10,75.0,1575.0,premium
RES-01063,"₹ 1,200 /day",DISC15,60.0,1260.0,premium
RES-01064,"₹ 1,000 /day",,50.0,1050.0,standard
RES-01065,₹1000/day,BOGUS99,50.0,1050.0,standard
RES-01066,2500/day,,125.0,2625.0,premium
RES-01067,₹1500/day,SAVE10,75.0,1575.0,premium
RES-01068,2500/day,DISC15,125.0,2625.0,standard
RES-01069,₹1000/day,BOGUS99,50.0,1050.0,eco
RES-01070,₹2000/day,,100.0,2100.0,premium
RES-01071,2000/day,SAVE10,100.0,2100.0,premium
RES-01072,₹2000/day,SAVE10,100.0,2100.0,premium
RES-01073,₹1200/day,BOGUS99,60.0,1260.0,premium
RES-01074,"₹ 1,200 /day",DISC15,,1260.0,eco
RES-01075,₹1500/day,DISC15,,1575.0,eco
RES-01076,1200,SAVE10,60.0,1260.0,premium
RES-01077,1200,BOGUS99,,1260.0,standard
RES-01078,2500,SAVE10,125.0,2625.0,premium
RES-01079,"₹ 1,000 /day",SAVE10,50.0,1050.0,eco
RES-01080,"₹ 1,200 /day",DISC15,60.0,1260.0,standard
RES-01081,₹ 800 /day,BOGUS99,40.0,840.0,premium
RES-01082,₹800/day,DISC15,40.0,840.0,premium
RES-01083,1000/day,DISC15,50.0,1050.0,standard
RES-01084,₹1200/day,,,1260.0,eco
RES-01085,₹1000/day,DISC15,50.0,1050.0,eco
RES-01086,800/day,,40.0,840.0,premium
RES-01087,₹1000/day,SAVE10,,1050.0,premium
RES-01088,2500/day,SAVE10,,2625.0,eco
RES-01089,"₹ 1,000 /day",,50.0,1050.0,standard
RES-01090,1500,,75.0,1575.0,premium
RES-01091,1500/day,SAVE10,75.0,1575.0,standard
RES-01092,2500,BOGUS99,125.0,2625.0,premium
RES-01093,₹800/day,BOGUS99,40.0,840.0,standard
RES-01094,"₹ 2,500 /day",BOGUS99,,2625.0,premium
RES-01095,"₹ 3,000 /day",,150.0,3150.0,eco
RES-01096,800/day,DISC15,40.0,840.0,eco
RES-01097,₹800/day,SAVE10,40.0,840.0,standard
RES-01098,2500/day,BOGUS99,125.0,2625.0,standard
RES-01099,1500/day,BOGUS99,,1575.0,standard
RES-01100,"₹ 2,500 /day",BOGUS99,125.0,2625.0,eco
RES-01101,₹1000/day,DISC15,50.0,1050.0,eco
RES-01102,₹800/day,DISC15,40.0,840.0,standard
RES-01103,3000,SAVE10,,3150.0,standard
RES-01104,"₹ 1,200 /day",SAVE10,,1260.0,standard
RES-01105,"₹ 3,000 /day",DISC15,150.0,3150.0,eco
RES-01106,"₹ 1,500 /day",DISC15,,1575.0,premium
RES-01107,3000/day,BOGUS99,,3150.0,eco
RES-01108,"₹ 1,000 /day",SAVE10,50.0,1050.0,premium
RES-01109,1000,BOGUS99,50.0,1050.0,premium
RES-01110,₹800/day,,40.0,840.0,premium
RES-01111,1200/day,DISC15,60.0,1260.0,standard
RES-01112,2500/day,,125.0,2625.0,premium
RES-01113,1000,,50.0,1050.0,eco
RES-01114,1500/day,BOGUS99,,1575.0,premium
RES-01115,1000,DISC15,50.0,1050.0,eco
RES-01116,₹ 800 /day,,,840.0,premium
RES-01117,₹1200/day,BOGUS99,60.0,1260.0,eco
RES-01118,2000,BOGUS99,100.0,2100.0,premium
RES-01119,₹3000/day,,150.0,3150.0,premium
RES-01120,₹1200/day,DISC15,60.0,1260.0,eco
RES-01121,"₹ 2,500 /day",DISC15,,2625.0,standard
RES-01122,2000,DISC15,100.0,2100.0,standard
RES-01123,₹ 800 /day,BOGUS99,40.0,840.0,standard
RES-01124,800,BOGUS99,40.0,840.0,standard
RES-01125,₹3000/day,DISC15,150.0,3150.0,standard
RES-01126,2000/day,SAVE10,100.0,2100.0,premium
RES-01127,1000,,50.0,1050.0,standard
RES-01128,"₹ 2,000 /day",,100.0,2100.0,standard
RES-01129,3000,SAVE10,150.0,3150.0,premium
RES-01130,"₹ 2,500 /day",BOGUS99,125.0,2625.0,premium
RES-01131,₹ 800 /day,,40.0,840.0,premium
RES-01132,3000/day,DISC15,,3150.0,standard
RES-01133,1500,DISC15,,1575.0,standard
RES-01134,1000,DISC15,50.0,1050.0,premium
RES-01135,1500,DISC15,75.0,1575.0,eco
RES-01136,2500,,125.0,2625.0,eco
RES-01137,₹1500/day,,,1575.0,standard
RES-01138,"₹ 3,000 /day",DISC15,150.0,3150.0,eco
RES-01139,₹1200/day,BOGUS99,,1260.0,premium
RES-01140,"₹ 1,500 /day",BOGUS99,75.0,1575.0,standard
RES-01141,1500/day,DISC15,75.0,1575.0,eco
RES-01142,"₹ 1,000 /day",,,1050.0,eco
RES-01143,800/day,SAVE10,40.0,840.0,standard
RES-01144,₹2000/day,DISC15,,2100.0,eco
RES-01145,800/day,,40.0,840.0,premium
RES-01146,"₹ 1,500 /day",BOGUS99,75.0,1575.0,premium
RES-01147,₹ 800 /day,BOGUS99,40.0,840.0,eco
RES-01148,"₹ 2,000 /day",SAVE10,,2100.0,premium
RES-01149,800/day,,,840.0,standard
RES-01150,3000/day,DISC15,150.0,3150.0,standard
RES-01151,₹2500/day,,125.0,2625.0,eco
RES-01152,2000/day,BOGUS99,100.0,2100.0,standard
RES-01153,"₹ 1,500 /day",SAVE10,75.0,1575.0,standard
RES-01154,"₹ 1,000 /day",DISC15,,1050.0,standard
RES-01155,2500,,125.0,2625.0,standard
RES-01156,₹2000/day,DISC15,100.0,2100.0,premium
RES-01157,1200,BOGUS99,60.0,1260.0,premium
RES-01158,₹1000/day,BOGUS99,50.0,1050.0,eco
RES-01159,2000,SAVE10,,2100.0,eco
RES-01160,₹2500/day,BOGUS99,125.0,2625.0,premium
RES-01161,1500/day,SAVE10,75.0,1575.0,standard
RES-01162,"₹ 3,000 /day",DISC15,150.0,3150.0,standard
RES-01163,₹1200/day,SAVE10,60.0,1260.0,premium
RES-01164,800/day,DISC15,40.0,840.0,premium
RES-01165,₹2000/day,SAVE10,100.0,2100.0,standard
RES-01166,800/day,BOGUS99,40.0,840.0,standard
RES-01167,2500/day,BOGUS99,125.0,2625.0,premium
RES-01168,"₹ 1,200 /day",,60.0,1260.0,premium
RES-01169,1200,,60.0,1260.0,standard
RES-01170,₹1200/day,DISC15,60.0,1260.0,standard
RES-01171,2500/day,BOGUS99,125.0,2625.0,eco
RES-01172,3000,,150.0,3150.0,eco
RES-01173,1000/day,,50.0,1050.0,eco
RES-01174,800/day,BOGUS99,40.0,840.0,standard
RES-01175,2500,SAVE10,125.0,2625.0,standard
RES-01176,"₹ 1,200 /day",SAVE10,,1260.0,eco
RES-01177,1000/day,SAVE10,,1050.0,premium
RES-01178,₹2000/day,BOGUS99,100.0,2100.0,eco
RES-01179,"₹ 3,000 /day",SAVE10,150.0,3150.0,eco
RES-01180,2500/day,SAVE10,,2625.0,eco
RES-01181,"₹ 1,000 /day",DISC15,,1050.0,eco
RES-01182,3000,,150.0,3150.0,premium
RES-01183,₹2000/day,DISC15,100.0,2100.0,premium
RES-01184,"₹ 2,500 /day",SAVE10,125.0,2625.0,eco
RES-01185,1000/day,SAVE10,,1050.0,premium
RES-01186,1200,BOGUS99,,1260.0,premium
RES-01187,2000,,,2100.0,premium
RES-01188,800,SAVE10,,840.0,eco
RES-01189,1000/day,BOGUS99,50.0,1050.0,premium
RES-01190,1200/day,,60.0,1260.0,standard
RES-01191,"₹ 2,500 /day",DISC15,125.0,2625.0,eco
RES-01192,1000,,50.0,1050.0,standard
RES-01193,2000,DISC15,100.0,2100.0,eco
RES-01194,"₹ 1,000 /day",BOGUS99,50.0,1050.0,eco
RES-01195,"₹ 1,500 /day",DISC15,75.0,1575.0,premium
RES-01196,1000,DISC15,50.0,1050.0,eco
RES-01197,₹2500/day,,125.0,2625.0,eco
RES-01198,3000/day,,150.0,3150.0,standard
RES-01199,1500/day,BOGUS99,75.0,1575.0,standard
RES-01200,"₹ 1,500 /day",DISC15,75.0,1575.0,standard
RES-01201,₹1500/day,DISC15,75.0,1575.0,eco
RES-01202,1000/day,DISC15,50.0,1050.0,premium
RES-01203,1000,,,1050.0,premium
RES-01204,"₹ 2,500 /day",,125.0,2625.0,premium
RES-01205,"₹ 2,500 /day",BOGUS99,125.0,2625.0,eco
RES-01206,2000/day,BOGUS99,100.0,2100.0,premium
RES-01207,800/day,,40.0,840.0,premium
RES-01208,1500/day,DISC15,75.0,1575.0,premium
RES-01209,"₹ 3,000 /day",SAVE10,,3150.0,premium
RES-01210,1000,DISC15,50.0,1050.0,standard
RES-01211,2500/day,BOGUS99,,2625.0,eco
RES-01212,₹1500/day,,,1575.0,standard
RES-01213,"₹ 2,500 /day",DISC15,125.0,2625.0,standard
RES-01214,"₹ 1,500 /day",BOGUS99,75.0,1575.0,eco
RES-01215,800,BOGUS99,40.0,840.0,standard
RES-01216,₹1200/day,BOGUS99,60.0,1260.0,premium
RES-01217,1500,BOGUS99,75.0,1575.0,premium
RES-01218,₹2500/day,SAVE10,,2625.0,eco
RES-01219,1200/day,SAVE10,60.0,1260.0,premium
RES-01220,₹800/day,SAVE10,40.0,840.0,eco
RES-01221,2000,,100.0,2100.0,premium
RES-01222,₹1200/day,SAVE10,60.0,1260.0,eco
RES-01223,800/day,,,840.0,standard
RES-01224,1200/day,,60.0,1260.0,eco
RES-01225,1500/day,,,1575.0,premium
RES-01226,"₹ 2,000 /day",,100.0,2100.0,standard
RES-01227,₹2000/day,BOGUS99,100.0,2100.0,premium
RES-01228,3000,SAVE10,,3150.0,eco
RES-01229,2500/day,BOGUS99,125.0,2625.0,premium
RES-01230,2000/day,SAVE10,100.0,2100.0,premium
RES-01231,2500,SAVE10,125.0,2625.0,eco
RES-01232,₹2500/day,BOGUS99,,2625.0,standard
RES-01233,1500,BOGUS99,75.0,1575.0,eco
RES-01234,3000/day,,150.0,3150.0,premium
RES-01235,₹ 800 /day,BOGUS99,40.0,840.0,standard
RES-01236,2500,BOGUS99,125.0,2625.0,standard
RES-01237,"₹ 1,200 /day",,,1260.0,standard
RES-01238,₹800/day,,40.0,840.0,premium
RES-01239,1000,SAVE10,50.0,1050.0,standard
RES-01240,₹1000/day,,50.0,1050.0,premium
RES-01241,800,SAVE10,40.0,840.0,standard
RES-01242,1000/day,,,1050.0,premium
RES-01243,2500,SAVE10,125.0,2625.0,standard
RES-01244,₹1000/day,DISC15,50.0,1050.0,eco
RES-01245,1500/day,SAVE10,,1575.0,eco
RES-01246,"₹ 2,500 /day",SAVE10,125.0,2625.0,premium
RES-01247,1500,SAVE10,75.0,1575.0,standard
RES-01248,1500,DISC15,75.0,1575.0,standard
RES-01249,1000,BOGUS99,50.0,1050.0,premium
RES-01250,"₹ 2,000 /day",BOGUS99,,2100.0,eco
RES-01251,"₹ 2,500 /day",BOGUS99,125.0,2625.0,standard
RES-01252,2500,DISC15,125.0,2625.0,eco
RES-01253,2000,SAVE10,100.0,2100.0,premium
RES-01254,2000,BOGUS99,,2100.0,premium
RES-01255,1200,SAVE10,60.0,1260.0,premium
RES-01256,800,BOGUS99,40.0,840.0,standard
RES-01257,₹3000/day,DISC15,150.0,3150.0,premium
RES-01258,₹800/day,,40.0,840.0,eco
RES-01259,800,BOGUS99,40.0,840.0,eco
RES-01260,3000/day,BOGUS99,150.0,3150.0,premium
RES-01261,₹1200/day,BOGUS99,60.0,1260.0,eco
RES-01262,1000/day,SAVE10,50.0,1050.0,premium
RES-01263,₹2000/day,SAVE10,100.0,2100.0,premium
RES-01264,1000/day,BOGUS99,50.0,1050.0,standard
RES-01265,"₹ 2,500 /day",DISC15,125.0,2625.0,premium
RES-01266,"₹ 1,200 /day",DISC15,60.0,1260.0,eco
RES-01267,1500,SAVE10,75.0,1575.0,standard
RES-01268,3000,,150.0,3150.0,eco
RES-01269,1500,BOGUS99,75.0,1575.0,premium
RES-01270,"₹ 2,500 /day",SAVE10,125.0,2625.0,premium
RES-01271,3000,,150.0,3150.0,standard
RES-01272,2000/day,SAVE10,100.0,2100.0,eco
RES-01273,3000/day,DISC15,150.0,3150.0,premium
RES-01274,3000/day,,150.0,3150.0,premium
RES-01275,3000,,150.0,3150.0,eco
RES-01276,₹2000/day,SAVE10,100.0,2100.0,eco
RES-01277,1500/day,DISC15,75.0,1575.0,premium
RES-01278,₹3000/day,DISC15,150.0,3150.0,eco
RES-01279,800/day,BOGUS99,,840.0,premium
RES-01280,₹1200/day,SAVE10,,1260.0,standard
RES-01281,"₹ 1,000 /day",DISC15,50.0,1050.0,premium
RES-01282,1000/day,DISC15,,1050.0,eco
RES-01283,3000/day,DISC15,150.0,3150.0,eco
RES-01284,₹800/day,DISC15,40.0,840.0,eco
RES-01285,₹2000/day,SAVE10,100.0,2100.0,premium
RES-01286,800/day,DISC15,40.0,840.0,premium
RES-01287,1500,BOGUS99,75.0,1575.0,premium
RES-01288,1500/day,,,1575.0,eco
RES-01289,1500/day,DISC15,,1575.0,premium
RES-01290,1000,DISC15,,1050.0,standard
RES-01291,"₹ 1,500 /day",,75.0,1575.0,premium
RES-01292,800,BOGUS99,40.0,840.0,eco
RES-01293,"₹ 2,000 /day",DISC15,,2100.0,eco
RES-01294,₹ 800 /day,BOGUS99,40.0,840.0,premium
RES-01295,₹1200/day,DISC15,,1260.0,standard
RES-01296,"₹ 2,000 /day",DISC15,100.0,2100.0,premium
RES-01297,3000/day,DISC15,,3150.0,eco
RES-01298,800,DISC15,40.0,840.0,premium
RES-01299,1500,SAVE10,,1575.0,standard
RES-01300,"₹ 1,500 /day",,,1575.0,eco
RES-01301,1200/day,,60.0,1260.0,eco
RES-01302,1500/day,DISC15,75.0,1575.0,standard
RES-01303,"₹ 2,500 /day",DISC15,125.0,2625.0,eco
RES-01304,₹2500/day,BOGUS99,125.0,2625.0,premium
RES-01305,"₹ 1,000 /day",DISC15,50.0,1050.0,standard
RES-01306,1500/day,SAVE10,75.0,1575.0,standard
RES-01307,2500,SAVE10,125.0,2625.0,standard
RES-01308,₹1200/day,BOGUS99,60.0,1260.0,eco
RES-01309,1500,SAVE10,75.0,1575.0,standard
RES-01310,"₹ 2,000 /day",,100.0,2100.0,premium
RES-01311,₹3000/day,BOGUS99,150.0,3150.0,premium
RES-01312,1000/day,,50.0,1050.0,standard
RES-01313,₹2000/day,SAVE10,100.0,2100.0,standard
RES-01314,"₹ 2,500 /day",DISC15,125.0,2625.0,premium
RES-01315,2500/day,,125.0,2625.0,premium
RES-01316,1200,DISC15,,1260.0,standard
RES-01317,"₹ 2,500 /day",DISC15,,2625.0,premium
RES-01318,1200/day,SAVE10,60.0,1260.0,standard
RES-01319,2500,,125.0,2625.0,eco
RES-01320,3000/day,DISC15,150.0,3150.0,eco
RES-01321,2500,DISC15,125.0,2625.0,premium
RES-01322,2500,SAVE10,125.0,2625.0,eco
RES-01323,₹2000/day,DISC15,100.0,2100.0,standard
RES-01324,800,,40.0,840.0,standard
RES-01325,"₹ 1,000 /day",,50.0,1050.0,premium
RES-01326,₹1000/day,BOGUS99,,1050.0,eco
RES-01327,₹ 800 /day,DISC15,40.0,840.0,premium
RES-01328,₹ 800 /day,BOGUS99,40.0,840.0,standard
RES-01329,800/day,BOGUS99,40.0,840.0,premium
RES-01330,2000,DISC15,100.0,2100.0,premium
RES-01331,"₹ 3,000 /day",SAVE10,150.0,3150.0,premium
RES-01332,2000,,100.0,2100.0,standard
RES-01333,₹2000/day,BOGUS99,100.0,2100.0,eco
RES-01334,2000,DISC15,100.0,2100.0,premium
RES-01335,1500/day,SAVE10,,1575.0,premium
RES-01336,"₹ 1,500 /day",DISC15,75.0,1575.0,standard
RES-01337,1500,,75.0,1575.0,premium
RES-01338,"₹ 3,000 /day",DISC15,150.0,3150.0,premium
RES-01339,2500/day,DISC15,125.0,2625.0,standard
RES-01340,3000,DISC15,150.0,3150.0,premium
RES-01341,1000/day,BOGUS99,50.0,1050.0,standard
RES-01342,₹800/day,DISC15,40.0,840.0,eco
RES-01343,1500,,75.0,1575.0,premium
RES-01344,1200,SAVE10,60.0,1260.0,premium
RES-01345,₹2000/day,,100.0,2100.0,eco
RES-01346,1500/day,,,1575.0,standard
RES-01347,1200,SAVE10,60.0,1260.0,standard
RES-01348,"₹ 2,500 /day",BOGUS99,,2625.0,premium
RES-01349,"₹ 1,500 /day",SAVE10,75.0,1575.0,eco
RES-01350,"₹ 1,500 /day",DISC15,75.0,1575.0,premium
RES-01351,1000/day,SAVE10,50.0,1050.0,eco
RES-01352,1200/day,SAVE10,60.0,1260.0,standard
RES-01353,"₹ 2,000 /day",SAVE10,100.0,2100.0,premium
RES-01354,₹1000/day,BOGUS99,50.0,1050.0,standard
RES-01355,"₹ 1,000 /day",BOGUS99,50.0,1050.0,premium
RES-01356,₹3000/day,,150.0,3150.0,eco
RES-01357,₹1000/day,,,1050.0,eco
RES-01358,1000,BOGUS99,50.0,1050.0,eco
RES-01359,₹1500/day,BOGUS99,75.0,1575.0,standard
RES-01360,₹2500/day,BOGUS99,125.0,2625.0,eco
RES-01361,1500,BOGUS99,75.0,1575.0,eco
RES-01362,"₹ 3,000 /day",SAVE10,150.0,3150.0,eco
RES-01363,1000/day,,50.0,1050.0,eco
RES-01364,1200/day,BOGUS99,60.0,1260.0,premium
RES-01365,1000,,50.0,1050.0,standard
RES-01366,3000,BOGUS99,150.0,3150.0,standard
RES-01367,"₹ 1,000 /day",SAVE10,50.0,1050.0,eco
RES-01368,₹1000/day,,50.0,1050.0,eco
RES-01369,3000,,,3150.0,standard
RES-01370,"₹ 3,000 /day",DISC15,150.0,3150.0,premium
RES-01371,"₹ 1,000 /day",BOGUS99,50.0,1050.0,eco
RES-01372,"₹ 1,500 /day",,75.0,1575.0,eco
RES-01373,800/day,SAVE10,40.0,840.0,standard
RES-01374,3000/day,DISC15,150.0,3150.0,standard
RES-01375,₹1000/day,BOGUS99,50.0,1050.0,premium
RES-01376,800/day,BOGUS99,40.0,840.0,standard
RES-01377,800,DISC15,40.0,840.0,premium
RES-01378,1500,SAVE10,75.0,1575.0,eco
RES-01379,2000,SAVE10,100.0,2100.0,eco
RES-01380,1500,,,1575.0,premium
RES-01381,1200,SAVE10,60.0,1260.0,standard
RES-01382,₹1200/day,,,1260.0,premium
RES-01383,₹2000/day,DISC15,100.0,2100.0,premium
RES-01384,"₹ 2,500 /day",SAVE10,125.0,2625.0,standard
RES-01385,"₹ 2,000 /day",SAVE10,100.0,2100.0,eco
RES-01386,3000,DISC15,150.0,3150.0,premium
RES-01387,₹1500/day,DISC15,75.0,1575.0,premium
RES-01388,"₹ 3,000 /day",DISC15,150.0,3150.0,premium
RES-01389,₹2000/day,DISC15,100.0,2100.0,eco
RES-01390,800/day,,40.0,840.0,eco
RES-01391,2000,,100.0,2100.0,eco
RES-01392,1000,,50.0,1050.0,eco
RES-01393,800/day,,40.0,840.0,eco
RES-01394,₹ 800 /day,BOGUS99,40.0,840.0,premium
RES-01395,"₹ 1,500 /day",SAVE10,,1575.0,eco
RES-01396,"₹ 2,000 /day",BOGUS99,100.0,2100.0,eco
RES-01397,"₹ 1,200 /day",BOGUS99,60.0,1260.0,premium
RES-01398,1500/day,SAVE10,,1575.0,eco
RES-01399,"₹ 2,500 /day",DISC15,125.0,2625.0,eco
RES-01400,₹1500/day,,75.0,1575.0,standard
RES-01401,1500/day,SAVE10,75.0,1575.0,premium
RES-01402,3000,,150.0,3150.0,eco
RES-01403,3000,DISC15,150.0,3150.0,premium
RES-01404,1500/day,SAVE10,75.0,1575.0,premium
RES-01405,3000/day,DISC15,,3150.0,standard
RES-01406,2500/day,,125.0,2625.0,standard
RES-01407,₹800/day,DISC15,40.0,840.0,premium
RES-01408,800,BOGUS99,,840.0,eco
RES-01409,"₹ 1,000 /day",DISC15,50.0,1050.0,eco
RES-01410,"₹ 1,500 /day",SAVE10,75.0,1575.0,eco
RES-01411,2500,SAVE10,125.0,2625.0,standard
RES-01412,800,SAVE10,40.0,840.0,eco
RES-01413,1500/day,SAVE10,75.0,1575.0,eco
RES-01414,₹3000/day,,150.0,3150.0,standard
RES-01415,1200,BOGUS99,60.0,1260.0,eco
RES-01416,₹1000/day,DISC15,50.0,1050.0,eco
RES-01417,"₹ 2,000 /day",SAVE10,,2100.0,premium
RES-01418,₹1500/day,,75.0,1575.0,eco
RES-01419,₹2500/day,DISC15,125.0,2625.0,eco
RES-01420,₹1000/day,DISC15,50.0,1050.0,premium
RES-01421,₹2000/day,SAVE10,100.0,2100.0,eco
RES-01422,2500,,,2625.0,premium
RES-01423,1500,DISC15,75.0,1575.0,standard
RES-01424,"₹ 1,200 /day",DISC15,,1260.0,standard
RES-01425,1000,BOGUS99,50.0,1050.0,standard
RES-01426,"₹ 1,500 /day",DISC15,75.0,1575.0,standard
RES-01427,1200/day,SAVE10,60.0,1260.0,standard
RES-01428,₹800/day,SAVE10,,840.0,standard
RES-01429,1000,BOGUS99,50.0,1050.0,standard
RES-01430,1000/day,SAVE10,,1050.0,standard
RES-01431,₹ 800 /day,SAVE10,,840.0,eco
RES-01432,1200,,60.0,1260.0,eco
RES-01433,₹2500/day,SAVE10,125.0,2625.0,standard
RES-01434,1500,SAVE10,,1575.0,standard
RES-01435,₹ 800 /day,SAVE10,40.0,840.0,premium
RES-01436,1000,SAVE10,50.0,1050.0,eco
RES-01437,"₹ 1,500 /day",DISC15,75.0,1575.0,premium
RES-01438,1500/day,DISC15,75.0,1575.0,standard
RES-01439,2500,SAVE10,,2625.0,premium
RES-01440,"₹ 1,500 /day",DISC15,75.0,1575.0,standard
RES-01441,3000,DISC15,150.0,3150.0,premium
RES-01442,3000,,150.0,3150.0,premium
RES-01443,2000,SAVE10,100.0,2100.0,premium
RES-01444,1000,DISC15,50.0,1050.0,eco
RES-01445,"₹ 1,200 /day",SAVE10,60.0,1260.0,premium
RES-01446,3000/day,BOGUS99,150.0,3150.0,standard
RES-01447,₹800/day,BOGUS99,40.0,840.0,standard
RES-01448,₹1500/day,,75.0,1575.0,standard
RES-01449,"₹ 3,000 /day",DISC15,150.0,3150.0,eco
RES-01450,"₹ 1,500 /day",,75.0,1575.0,standard
RES-01451,3000,,,3150.0,premium
RES-01452,₹2000/day,,100.0,2100.0,premium
RES-01453,2000,SAVE10,100.0,2100.0,eco
RES-01454,₹3000/day,SAVE10,150.0,3150.0,premium
RES-01455,₹1000/day,DISC15,50.0,1050.0,eco
RES-01456,"₹ 2,500 /day",SAVE10,,2625.0,eco
RES-01457,₹1200/day,,60.0,1260.0,standard
RES-01458,₹1500/day,DISC15,75.0,1575.0,standard
RES-01459,3000/day,BOGUS99,150.0,3150.0,eco
RES-01460,₹2500/day,DISC15,125.0,2625.0,eco
RES-01461,₹2000/day,SAVE10,100.0,2100.0,eco
RES-01462,₹1500/day,,75.0,1575.0,premium
RES-01463,1500/day,SAVE10,75.0,1575.0,standard
RES-01464,1200/day,,60.0,1260.0,eco
RES-01465,₹3000/day,SAVE10,150.0,3150.0,premium
RES-01466,₹2000/day,DISC15,100.0,2100.0,standard
RES-01467,3000/day,,150.0,3150.0,eco
RES-01468,₹2500/day,DISC15,125.0,2625.0,standard
RES-01469,₹1000/day,,50.0,1050.0,standard
RES-01470,3000,,150.0,3150.0,premium
RES-01471,2000,SAVE10,100.0,2100.0,premium
RES-01472,"₹ 1,200 /day",DISC15,60.0,1260.0,eco
RES-01473,₹800/day,SAVE10,40.0,840.0,eco
RES-01474,"₹ 1,200 /day",BOGUS99,,1260.0,premium
RES-01475,2000,SAVE10,100.0,2100.0,eco
RES-01476,"₹ 1,000 /day",,50.0,1050.0,standard
RES-01477,₹2500/day,BOGUS99,125.0,2625.0,standard
RES-01478,1200,,60.0,1260.0,premium
RES-01479,1500/day,DISC15,,1575.0,premium
RES-01480,₹2500/day,SAVE10,,2625.0,standard
RES-01481,"₹ 1,000 /day",,50.0,1050.0,eco
RES-01482,₹3000/day,BOGUS99,150.0,3150.0,standard
RES-01483,"₹ 2,500 /day",DISC15,125.0,2625.0,standard
RES-01484,800/day,SAVE10,,840.0,premium
RES-01485,1500,,,1575.0,premium
RES-01486,800,BOGUS99,40.0,840.0,eco
RES-01487,1200/day,BOGUS99,60.0,1260.0,premium
RES-01488,"₹ 2,500 /day",DISC15,125.0,2625.0,standard
RES-01489,₹800/day,BOGUS99,40.0,840.0,standard
RES-01490,2500/day,,125.0,2625.0,eco
RES-01491,3000/day,,150.0,3150.0,premium
RES-01492,"₹ 1,200 /day",SAVE10,60.0,1260.0,standard
RES-01493,₹800/day,DISC15,,840.0,standard
RES-01494,"₹ 2,500 /day",DISC15,,2625.0,eco
RES-01495,1500/day,DISC15,75.0,1575.0,standard
RES-01496,2000,SAVE10,100.0,2100.0,premium
RES-01497,1500/day,SAVE10,,1575.0,standard
RES-01498,3000/day,DISC15,,3150.0,eco
RES-01499,1500,DISC15,75.0,1575.0,premium
RES-01500,₹2000/day,SAVE10,100.0,2100.0,standard
RES-01501,₹1500/day,SAVE10,75.0,1575.0,eco
RES-01502,1200,BOGUS99,60.0,1260.0,eco
RES-01503,1000/day,,50.0,1050.0,premium
RES-01504,2500/day,,,2625.0,standard
RES-01505,800/day,SAVE10,40.0,840.0,standard
RES-01506,₹1000/day,SAVE10,50.0,1050.0,premium
RES-01507,1500/day,DISC15,75.0,1575.0,eco
RES-01508,₹1200/day,,,1260.0,standard
RES-01509,2500,SAVE10,125.0,2625.0,standard
RES-01510,1500,DISC15,75.0,1575.0,eco
RES-01511,"₹ 1,500 /day",BOGUS99,75.0,1575.0,standard
RES-01512,₹2000/day,BOGUS99,100.0,2100.0,standard
RES-01513,₹3000/day,SAVE10,150.0,3150.0,standard
RES-01514,"₹ 1,200 /day",DISC15,60.0,1260.0,eco
RES-01515,2000,BOGUS99,100.0,2100.0,standard
RES-01516,"₹ 3,000 /day",DISC15,150.0,3150.0,eco
RES-01517,2000/day,,100.0,2100.0,premium
RES-01518,2000,,100.0,2100.0,standard
RES-01519,1500/day,SAVE10,75.0,1575.0,eco
RES-01520,₹3000/day,,,3150.0,standard
RES-01521,₹2500/day,BOGUS99,125.0,2625.0,standard
RES-01522,2000,BOGUS99,,2100.0,standard
RES-01523,"₹ 2,500 /day",,,2625.0,premium
RES-01524,"₹ 2,500 /day",,125.0,2625.0,standard
RES-01525,"₹ 1,200 /day",BOGUS99,60.0,1260.0,eco
RES-01526,1000,BOGUS99,50.0,1050.0,premium
RES-01527,"₹ 2,500 /day",,125.0,2625.0,eco
RES-01528,₹1200/day,SAVE10,60.0,1260.0,standard
RES-01529,1200,SAVE10,60.0,1260.0,eco
RES-01530,"₹ 1,000 /day",DISC15,50.0,1050.0,standard
RES-01531,₹ 800 /day,SAVE10,,840.0,eco
RES-01532,₹3000/day,DISC15,150.0,3150.0,eco
RES-01533,1200,BOGUS99,60.0,1260.0,premium
RES-01534,"₹ 3,000 /day",BOGUS99,,3150.0,standard
RES-01535,2000/day,SAVE10,100.0,2100.0,standard
RES-01536,₹1200/day,DISC15,60.0,1260.0,premium
RES-01537,3000,SAVE10,150.0,3150.0,eco
RES-01538,1200/day,,60.0,1260.0,premium
RES-01539,2000/day,BOGUS99,100.0,2100.0,standard
RES-01540,2500/day,,125.0,2625.0,eco
RES-01541,₹800/day,BOGUS99,40.0,840.0,premium
RES-01542,1500,DISC15,75.0,1575.0,standard
RES-01543,3000,BOGUS99,150.0,3150.0,standard
RES-01544,1000/day,,50.0,1050.0,premium
RES-01545,₹800/day,BOGUS99,40.0,840.0,standard
RES-01546,₹3000/day,SAVE10,150.0,3150.0,premium
RES-01547,₹1500/day,BOGUS99,75.0,1575.0,premium
RES-01548,₹ 800 /day,SAVE10,40.0,840.0,premium
RES-01549,2500,DISC15,125.0,2625.0,eco
RES-01550,"₹ 1,200 /day",,60.0,1260.0,premium
RES-01551,"₹ 3,000 /day",DISC15,150.0,3150.0,eco
RES-01552,₹3000/day,BOGUS99,150.0,3150.0,standard
RES-01553,₹ 800 /day,SAVE10,,840.0,standard
RES-01554,₹1200/day,DISC15,60.0,1260.0,eco
RES-01555,3000/day,DISC15,150.0,3150.0,premium
RES-01556,2000/day,BOGUS99,,2100.0,eco
RES-01557,800/day,DISC15,40.0,840.0,standard
RES-01558,₹1000/day,,,1050.0,standard
RES-01559,2500/day,DISC15,125.0,2625.0,eco
RES-01560,3000/day,DISC15,150.0,3150.0,premium
RES-01561,2000,SAVE10,100.0,2100.0,eco
RES-01562,₹ 800 /day,,40.0,840.0,eco
RES-01563,2000,BOGUS99,100.0,2100.0,eco
RES-01564,1200/day,DISC15,60.0,1260.0,standard
RES-01565,₹2000/day,SAVE10,100.0,2100.0,premium
RES-01566,800,DISC15,,840.0,premium
RES-01567,2000/day,SAVE10,100.0,2100.0,premium
RES-01568,"₹ 3,000 /day",BOGUS99,150.0,3150.0,premium
RES-01569,₹2500/day,BOGUS99,125.0,2625.0,premium
RES-01570,"₹ 2,500 /day",,125.0,2625.0,eco
RES-01571,1000/day,DISC15,50.0,1050.0,eco
RES-01572,1200/day,BOGUS99,,1260.0,standard
RES-01573,1000,SAVE10,50.0,1050.0,eco
RES-01574,"₹ 1,500 /day",SAVE10,75.0,1575.0,eco
RES-01575,1000,,50.0,1050.0,standard
RES-01576,800,SAVE10,40.0,840.0,premium
RES-01577,1200,DISC15,60.0,1260.0,premium
RES-01578,₹1500/day,,75.0,1575.0,standard
RES-01579,₹1500/day,DISC15,75.0,1575.0,premium
RES-01580,1200/day,DISC15,60.0,1260.0,eco
RES-01581,800,BOGUS99,40.0,840.0,premium
RES-01582,3000,BOGUS99,150.0,3150.0,standard
RES-01583,"₹ 2,000 /day",SAVE10,100.0,2100.0,standard
RES-01584,2000,DISC15,100.0,2100.0,premium
RES-01585,₹1000/day,SAVE10,50.0,1050.0,eco
RES-01586,3000/day,SAVE10,150.0,3150.0,eco
RES-01587,1000,,50.0,1050.0,premium
RES-01588,"₹ 1,500 /day",SAVE10,75.0,1575.0,premium
RES-01589,1000,SAVE10,50.0,1050.0,premium
RES-01590,800/day,BOGUS99,,840.0,eco
RES-01591,2000,DISC15,100.0,2100.0,premium
RES-01592,800,DISC15,40.0,840.0,eco
RES-01593,2500/day,,125.0,2625.0,standard
RES-01594,"₹ 1,200 /day",DISC15,60.0,1260.0,standard
RES-01595,1500/day,BOGUS99,75.0,1575.0,eco
RES-01596,1500/day,,75.0,1575.0,premium
RES-01597,1000/day,SAVE10,50.0,1050.0,eco
RES-01598,1200/day,,,1260.0,standard
RES-01599,2000/day,,100.0,2100.0,premium
RES-01600,1500/day,BOGUS99,75.0,1575.0,eco
RES-01601,1000/day,SAVE10,50.0,1050.0,standard
RES-01602,3000/day,BOGUS99,150.0,3150.0,premium
RES-01603,"₹ 2,500 /day",,,2625.0,premium
RES-01604,1000/day,SAVE10,50.0,1050.0,eco
RES-01605,1000/day,BOGUS99,,1050.0,standard
RES-01606,1200,DISC15,60.0,1260.0,premium
RES-01607,"₹ 2,000 /day",,100.0,2100.0,standard
RES-01608,"₹ 2,500 /day",,125.0,2625.0,eco
RES-01609,1000/day,SAVE10,,1050.0,standard
RES-01610,2000,DISC15,100.0,2100.0,premium
RES-01611,3000/day,BOGUS99,150.0,3150.0,eco
RES-01612,₹1000/day,,50.0,1050.0,eco
RES-01613,1000/day,SAVE10,50.0,1050.0,premium
RES-01614,1500/day,BOGUS99,,1575.0,premium
RES-01615,₹ 800 /day,BOGUS99,40.0,840.0,eco
RES-01616,"₹ 2,000 /day",DISC15,100.0,2100.0,standard
RES-01617,₹ 800 /day,,40.0,840.0,premium
RES-01618,₹800/day,BOGUS99,40.0,840.0,premium
RES-01619,"₹ 2,000 /day",SAVE10,100.0,2100.0,premium
RES-01620,1000/day,SAVE10,,1050.0,premium
RES-01621,"₹ 1,500 /day",SAVE10,75.0,1575.0,eco
RES-01622,₹800/day,,40.0,840.0,premium
RES-01623,₹2000/day,,100.0,2100.0,eco
RES-01624,1000/day,BOGUS99,50.0,1050.0,premium
RES-01625,1500/day,,,1575.0,standard
RES-01626,₹1200/day,,60.0,1260.0,premium
RES-01627,"₹ 1,000 /day",DISC15,50.0,1050.0,standard
RES-01628,1000,DISC15,,1050.0,premium
RES-01629,"₹ 3,000 /day",,150.0,3150.0,premium
RES-01630,"₹ 1,200 /day",BOGUS99,60.0,1260.0,eco
RES-01631,1000/day,SAVE10,50.0,1050.0,premium
RES-01632,₹1000/day,,50.0,1050.0,standard
RES-01633,₹1500/day,,,1575.0,premium
RES-01634,1000,SAVE10,50.0,1050.0,eco
RES-01635,₹1200/day,,60.0,1260.0,eco
RES-01636,"₹ 3,000 /day",SAVE10,150.0,3150.0,standard
RES-01637,2000,SAVE10,,2100.0,standard
RES-01638,3000/day,BOGUS99,150.0,3150.0,standard
RES-01639,₹1200/day,BOGUS99,60.0,1260.0,standard
RES-01640,3000,BOGUS99,,3150.0,standard
RES-01641,1500,SAVE10,75.0,1575.0,standard
RES-01642,₹1000/day,DISC15,,1050.0,premium
RES-01643,"₹ 1,500 /day",,,1575.0,eco
RES-01644,"₹ 2,500 /day",,,2625.0,eco
RES-01645,2000/day,DISC15,100.0,2100.0,premium
RES-01646,1000/day,,50.0,1050.0,eco
RES-01647,800,BOGUS99,40.0,840.0,standard
RES-01648,₹ 800 /day,SAVE10,40.0,840.0,premium
RES-01649,₹2000/day,,100.0,2100.0,standard
RES-01650,₹ 800 /day,DISC15,40.0,840.0,eco
RES-01651,₹1200/day,DISC15,60.0,1260.0,premium
RES-01652,"₹ 2,500 /day",,125.0,2625.0,eco
RES-01653,1200/day,,60.0,1260.0,standard
RES-01654,₹1000/day,BOGUS99,50.0,1050.0,standard
RES-01655,1200/day,BOGUS99,60.0,1260.0,eco
RES-01656,"₹ 3,000 /day",DISC15,,3150.0,eco
RES-01657,2500/day,DISC15,125.0,2625.0,eco
RES-01658,3000/day,,,3150.0,standard
RES-01659,2500,,,2625.0,eco
RES-01660,3000/day,DISC15,150.0,3150.0,eco
RES-01661,₹1200/day,BOGUS99,,1260.0,standard
RES-01662,₹2500/day,DISC15,125.0,2625.0,eco
RES-01663,2000/day,SAVE10,100.0,2100.0,standard
RES-01664,₹3000/day,DISC15,,3150.0,eco
RES-01665,1200/day,DISC15,60.0,1260.0,eco
RES-01666,"₹ 3,000 /day",,150.0,3150.0,premium
RES-01667,2500/day,DISC15,125.0,2625.0,premium
RES-01668,1200,DISC15,60.0,1260.0,premium
RES-01669,1200/day,SAVE10,60.0,1260.0,eco
RES-01670,₹1200/day,SAVE10,60.0,1260.0,eco
RES-01671,"₹ 2,500 /day",,125.0,2625.0,standard
RES-01672,"₹ 2,500 /day",SAVE10,125.0,2625.0,standard
RES-01673,1000/day,DISC15,50.0,1050.0,premium
RES-01674,₹2500/day,DISC15,125.0,2625.0,premium
RES-01675,"₹ 2,500 /day",SAVE10,125.0,2625.0,eco
RES-01676,1000/day,,,1050.0,premium
RES-01677,3000/day,BOGUS99,150.0,3150.0,standard
RES-01678,1200,DISC15,60.0,1260.0,eco
RES-01679,3000/day,SAVE10,,3150.0,premium
RES-01680,₹ 800 /day,SAVE10,40.0,840.0,standard
RES-01681,3000,SAVE10,150.0,3150.0,standard
RES-01682,800/day,SAVE10,40.0,840.0,premium
RES-01683,1200,DISC15,,1260.0,eco
RES-01684,"₹ 2,500 /day",,125.0,2625.0,eco
RES-01685,2500/day,,,2625.0,standard
RES-01686,800,SAVE10,40.0,840.0,eco
RES-01687,1500,,75.0,1575.0,premium
RES-01688,₹1500/day,,75.0,1575.0,premium
RES-01689,2500/day,,125.0,2625.0,standard
RES-01690,3000/day,DISC15,150.0,3150.0,premium
RES-01691,2000,SAVE10,,2100.0,standard
RES-01692,1200/day,SAVE10,60.0,1260.0,standard
RES-01693,"₹ 3,000 /day",SAVE10,,3150.0,standard
RES-01694,1000,,50.0,1050.0,premium
RES-01695,"₹ 1,000 /day",,50.0,1050.0,premium
RES-01696,₹2500/day,,,2625.0,premium
RES-01697,1000,DISC15,50.0,1050.0,eco
RES-01698,2000/day,DISC15,,2100.0,eco
RES-01699,1000/day,BOGUS99,50.0,1050.0,standard
RES-01700,800,DISC15,40.0,840.0,standard
RES-01701,"₹ 2,500 /day",SAVE10,125.0,2625.0,standard
RES-01702,₹800/day,SAVE10,40.0,840.0,standard
RES-01703,₹1000/day,DISC15,50.0,1050.0,premium
RES-01704,"₹ 2,500 /day",,125.0,2625.0,eco
RES-01705,"₹ 2,500 /day",DISC15,125.0,2625.0,premium
RES-01706,2000/day,BOGUS99,100.0,2100.0,standard
RES-01707,2000/day,SAVE10,,2100.0,standard
RES-01708,₹3000/day,DISC15,150.0,3150.0,standard
RES-01709,₹ 800 /day,DISC15,40.0,840.0,eco
RES-01710,2500/day,,125.0,2625.0,standard
RES-01711,"₹ 2,000 /day",,100.0,2100.0,premium
RES-01712,2000/day,BOGUS99,100.0,2100.0,standard
RES-01713,1200/day,SAVE10,60.0,1260.0,eco
RES-01714,₹ 800 /day,,,840.0,eco
RES-01715,₹1000/day,,50.0,1050.0,premium
RES-01716,₹3000/day,SAVE10,150.0,3150.0,eco
RES-01717,₹ 800 /day,,40.0,840.0,standard
RES-01718,2000,BOGUS99,,2100.0,standard
RES-01719,"₹ 1,000 /day",DISC15,50.0,1050.0,standard
RES-01720,₹1000/day,DISC15,50.0,1050.0,standard
RES-01721,3000,DISC15,150.0,3150.0,eco
RES-01722,3000/day,SAVE10,150.0,3150.0,premium
RES-01723,₹2500/day,BOGUS99,,2625.0,standard
RES-01724,₹2500/day,DISC15,125.0,2625.0,premium
RES-01725,₹3000/day,BOGUS99,150.0,3150.0,eco
RES-01726,₹1500/day,DISC15,75.0,1575.0,standard
RES-01727,"₹ 1,200 /day",SAVE10,60.0,1260.0,standard
RES-01728,3000,SAVE10,150.0,3150.0,premium
RES-01729,2500,SAVE10,,2625.0,eco
RES-01730,1000/day,SAVE10,50.0,1050.0,standard
RES-01731,₹ 800 /day,DISC15,40.0,840.0,eco
RES-01732,"₹ 1,500 /day",,,1575.0,standard
RES-01733,"₹ 1,200 /day",SAVE10,60.0,1260.0,premium
RES-01734,800/day,SAVE10,40.0,840.0,eco
RES-01735,₹800/day,,40.0,840.0,premium
RES-01736,₹1200/day,DISC15,60.0,1260.0,eco
RES-01737,1200/day,SAVE10,60.0,1260.0,standard
RES-01738,"₹ 2,500 /day",,125.0,2625.0,standard
RES-01739,"₹ 2,500 /day",BOGUS99,125.0,2625.0,premium
RES-01740,₹3000/day,SAVE10,150.0,3150.0,eco
RES-01741,₹1200/day,BOGUS99,,1260.0,eco
RES-01742,"₹ 2,500 /day",BOGUS99,,2625.0,eco
RES-01743,"₹ 1,200 /day",BOGUS99,,1260.0,premium
RES-01744,1000,,,1050.0,standard
RES-01745,"₹ 1,200 /day",BOGUS99,,1260.0,premium
RES-01746,₹2000/day,DISC15,,2100.0,premium
RES-01747,1200,BOGUS99,60.0,1260.0,premium
RES-01748,800,DISC15,40.0,840.0,eco
RES-01749,3000/day,BOGUS99,150.0,3150.0,eco
RES-01750,"₹ 2,000 /day",,100.0,2100.0,eco
RES-01751,₹2000/day,SAVE10,100.0,2100.0,standard
RES-01752,"₹ 1,200 /day",BOGUS99,60.0,1260.0,standard
RES-01753,1200/day,DISC15,,1260.0,standard
RES-01754,3000/day,SAVE10,150.0,3150.0,premium
RES-01755,3000/day,BOGUS99,150.0,3150.0,eco
RES-01756,1200/day,BOGUS99,,1260.0,eco
RES-01757,1200,SAVE10,,1260.0,eco
RES-01758,₹2500/day,DISC15,125.0,2625.0,eco
RES-01759,1200/day,BOGUS99,60.0,1260.0,eco
RES-01760,₹800/day,SAVE10,40.0,840.0,premium
RES-01761,1200,DISC15,60.0,1260.0,premium
RES-01762,1200/day,BOGUS99,60.0,1260.0,eco
RES-01763,1200/day,,60.0,1260.0,premium
RES-01764,"₹ 1,000 /day",,,1050.0,premium
RES-01765,2000,DISC15,100.0,2100.0,premium
RES-01766,1000/day,DISC15,50.0,1050.0,premium
RES-01767,2500,DISC15,125.0,2625.0,premium
RES-01768,"₹ 1,000 /day",SAVE10,50.0,1050.0,standard
RES-01769,3000,SAVE10,150.0,3150.0,premium
RES-01770,"₹ 1,200 /day",SAVE10,60.0,1260.0,standard
RES-01771,1000,BOGUS99,50.0,1050.0,premium
RES-01772,2000/day,BOGUS99,100.0,2100.0,eco
RES-01773,800/day,BOGUS99,,840.0,eco
RES-01774,1500,BOGUS99,75.0,1575.0,eco
RES-01775,800,BOGUS99,40.0,840.0,premium
RES-01776,₹1200/day,DISC15,60.0,1260.0,standard
RES-01777,2500/day,,125.0,2625.0,standard
RES-01778,1000/day,BOGUS99,50.0,1050.0,standard
RES-01779,2000,,100.0,2100.0,eco
RES-01780,1500,SAVE10,75.0,1575.0,standard
RES-01781,1000,,50.0,1050.0,eco
RES-01782,₹800/day,BOGUS99,40.0,840.0,eco
RES-01783,1000/day,,50.0,1050.0,standard
RES-01784,3000/day,DISC15,150.0,3150.0,eco
RES-01785,2000/day,,,2100.0,standard
RES-01786,₹2000/day,BOGUS99,,2100.0,premium
RES-01787,3000,BOGUS99,150.0,3150.0,premium
RES-01788,₹2500/day,,125.0,2625.0,premium
RES-01789,3000,SAVE10,150.0,3150.0,standard
RES-01790,"₹ 2,000 /day",,,2100.0,standard
RES-01791,"₹ 1,500 /day",BOGUS99,75.0,1575.0,premium
RES-01792,1000/day,BOGUS99,50.0,1050.0,premium
RES-01793,800,BOGUS99,40.0,840.0,premium
RES-01794,₹2500/day,BOGUS99,125.0,2625.0,eco
RES-01795,2000,BOGUS99,100.0,2100.0,standard
RES-01796,2500,BOGUS99,125.0,2625.0,eco
RES-01797,2000,BOGUS99,100.0,2100.0,standard
RES-01798,1000,SAVE10,50.0,1050.0,eco
RES-01799,3000,DISC15,150.0,3150.0,standard
RES-01800,₹ 800 /day,,40.0,840.0,premium
RES-01801,₹1000/day,,,1050.0,standard
RES-01802,1000/day,,50.0,1050.0,premium
RES-01803,₹1500/day,BOGUS99,75.0,1575.0,premium
RES-01804,2000,,100.0,2100.0,eco
RES-01805,1200,,60.0,1260.0,standard
RES-01806,800/day,,,840.0,premium
RES-01807,800/day,SAVE10,40.0,840.0,eco
RES-01808,"₹ 2,500 /day",DISC15,125.0,2625.0,standard
RES-01809,800,DISC15,,840.0,premium
RES-01810,"₹ 3,000 /day",BOGUS99,150.0,3150.0,eco
RES-01811,3000,DISC15,150.0,3150.0,eco
RES-01812,1200/day,SAVE10,,1260.0,premium
RES-01813,1000/day,DISC15,,1050.0,premium
RES-01814,₹2500/day,SAVE10,125.0,2625.0,premium
RES-01815,800,BOGUS99,40.0,840.0,premium
RES-01816,"₹ 2,000 /day",BOGUS99,100.0,2100.0,standard
RES-01817,1000,SAVE10,50.0,1050.0,premium
RES-01818,"₹ 2,000 /day",,100.0,2100.0,premium
RES-01819,₹1500/day,DISC15,75.0,1575.0,eco
RES-01820,800/day,BOGUS99,40.0,840.0,standard
RES-01821,"₹ 2,500 /day",SAVE10,125.0,2625.0,standard
RES-01822,"₹ 1,500 /day",BOGUS99,,1575.0,premium
RES-01823,₹3000/day,BOGUS99,150.0,3150.0,eco
RES-01824,1500/day,,75.0,1575.0,eco
RES-01825,₹800/day,BOGUS99,40.0,840.0,standard
RES-01826,1500,,,1575.0,eco
RES-01827,₹800/day,SAVE10,40.0,840.0,standard
RES-01828,1200/day,SAVE10,60.0,1260.0,eco
RES-01829,"₹ 1,000 /day",DISC15,,1050.0,eco
RES-01830,"₹ 2,000 /day",,,2100.0,standard
RES-01831,1200,SAVE10,60.0,1260.0,eco
RES-01832,₹1000/day,SAVE10,50.0,1050.0,premium
RES-01833,₹3000/day,DISC15,,3150.0,eco
RES-01834,2000,DISC15,100.0,2100.0,eco
RES-01835,"₹ 1,200 /day",,60.0,1260.0,standard
RES-01836,1200,SAVE10,60.0,1260.0,premium
RES-01837,₹1200/day,SAVE10,60.0,1260.0,premium
RES-01838,2000,DISC15,100.0,2100.0,standard
RES-01839,₹1000/day,SAVE10,50.0,1050.0,eco
RES-01840,1200/day,,60.0,1260.0,standard
RES-01841,1000/day,DISC15,50.0,1050.0,premium
RES-01842,"₹ 2,000 /day",BOGUS99,,2100.0,premium
RES-01843,₹2000/day,BOGUS99,100.0,2100.0,premium
RES-01844,₹2500/day,SAVE10,125.0,2625.0,standard
RES-01845,₹800/day,DISC15,40.0,840.0,eco
RES-01846,₹1500/day,,75.0,1575.0,standard
RES-01847,1200,,60.0,1260.0,standard
RES-01848,2500,DISC15,125.0,2625.0,eco
RES-01849,₹1000/day,SAVE10,50.0,1050.0,standard
RES-01850,3000,,150.0,3150.0,premium
RES-01851,2000,DISC15,,2100.0,premium
RES-01852,"₹ 2,000 /day",SAVE10,100.0,2100.0,standard
RES-01853,1000,,50.0,1050.0,premium
RES-01854,1500,SAVE10,75.0,1575.0,premium
RES-01855,₹800/day,DISC15,40.0,840.0,standard
RES-01856,2500/day,SAVE10,125.0,2625.0,premium
RES-01857,"₹ 1,500 /day",DISC15,,1575.0,eco
RES-01858,"₹ 3,000 /day",SAVE10,150.0,3150.0,eco
RES-01859,₹800/day,BOGUS99,40.0,840.0,standard
RES-01860,1000/day,SAVE10,50.0,1050.0,standard
RES-01861,₹2000/day,SAVE10,100.0,2100.0,eco
RES-01862,₹800/day,DISC15,40.0,840.0,standard
RES-01863,1500,DISC15,75.0,1575.0,standard
RES-01864,1000/day,DISC15,,1050.0,premium
RES-01865,₹1200/day,DISC15,60.0,1260.0,eco
RES-01866,1500/day,,,1575.0,eco
RES-01867,₹1000/day,BOGUS99,50.0,1050.0,eco
RES-01868,1200,BOGUS99,60.0,1260.0,standard
RES-01869,₹1200/day,SAVE10,60.0,1260.0,premium
RES-01870,₹1000/day,,50.0,1050.0,standard
RES-01871,"₹ 2,000 /day",,100.0,2100.0,eco
RES-01872,1500/day,DISC15,,1575.0,premium
RES-01873,3000,DISC15,150.0,3150.0,eco
RES-01874,3000/day,BOGUS99,,3150.0,premium
RES-01875,₹800/day,DISC15,40.0,840.0,premium
RES-01876,2500/day,SAVE10,125.0,2625.0,eco
RES-01877,800/day,SAVE10,,840.0,eco
RES-01878,1000,,50.0,1050.0,standard
RES-01879,₹3000/day,SAVE10,150.0,3150.0,premium
RES-01880,₹1500/day,BOGUS99,,1575.0,standard
RES-01881,₹1000/day,BOGUS99,,1050.0,standard
RES-01882,"₹ 1,000 /day",DISC15,,1050.0,premium
RES-01883,₹1200/day,BOGUS99,60.0,1260.0,eco
RES-01884,"₹ 2,000 /day",DISC15,100.0,2100.0,standard
RES-01885,2000/day,,100.0,2100.0,eco
RES-01886,2500/day,BOGUS99,125.0,2625.0,eco
RES-01887,"₹ 2,500 /day",BOGUS99,125.0,2625.0,standard
RES-01888,2500,,,2625.0,eco
RES-01889,"₹ 1,500 /day",DISC15,75.0,1575.0,eco
RES-01890,₹800/day,,40.0,840.0,premium
RES-01891,"₹ 3,000 /day",SAVE10,,3150.0,eco
RES-01892,1200,BOGUS99,60.0,1260.0,premium
RES-01893,"₹ 2,500 /day",BOGUS99,125.0,2625.0,eco
RES-01894,₹1200/day,,60.0,1260.0,eco
RES-01895,2000/day,,,2100.0,eco
RES-01896,3000/day,DISC15,150.0,3150.0,standard
RES-01897,1500,DISC15,75.0,1575.0,standard
RES-01898,"₹ 1,200 /day",,60.0,1260.0,standard
RES-01899,"₹ 1,200 /day",DISC15,60.0,1260.0,premium
RES-01900,₹3000/day,BOGUS99,150.0,3150.0,standard
RES-01901,1000,DISC15,50.0,1050.0,premium
RES-01902,"₹ 3,000 /day",DISC15,150.0,3150.0,standard
RES-01903,800/day,BOGUS99,40.0,840.0,eco
RES-01904,"₹ 2,000 /day",DISC15,,2100.0,premium
RES-01905,2500/day,,125.0,2625.0,premium
RES-01906,₹2000/day,SAVE10,100.0,2100.0,standard
RES-01907,1500,SAVE10,,1575.0,premium
RES-01908,₹ 800 /day,SAVE10,,840.0,premium
RES-01909,1000/day,SAVE10,50.0,1050.0,standard
RES-01910,₹1500/day,DISC15,,1575.0,standard
RES-01911,2000/day,DISC15,100.0,2100.0,standard
RES-01912,800/day,BOGUS99,40.0,840.0,eco
RES-01913,3000/day,SAVE10,150.0,3150.0,eco
RES-01914,"₹ 1,000 /day",DISC15,50.0,1050.0,premium
RES-01915,₹ 800 /day,,40.0,840.0,standard
RES-01916,1200/day,SAVE10,,1260.0,premium
RES-01917,₹3000/day,,150.0,3150.0,standard
RES-01918,"₹ 1,200 /day",DISC15,60.0,1260.0,premium
RES-01919,"₹ 3,000 /day",,,3150.0,standard
RES-01920,3000,,,3150.0,premium
RES-01921,800,,40.0,840.0,standard
RES-01922,800/day,BOGUS99,40.0,840.0,premium
RES-01923,3000,SAVE10,,3150.0,premium
RES-01924,"₹ 2,500 /day",,125.0,2625.0,premium
RES-01925,3000,,150.0,3150.0,standard
RES-01926,₹1000/day,DISC15,,1050.0,premium
RES-01927,"₹ 1,000 /day",,50.0,1050.0,eco
RES-01928,800/day,,40.0,840.0,standard
RES-01929,1500/day,DISC15,,1575.0,eco
RES-01930,"₹ 1,200 /day",DISC15,60.0,1260.0,eco
RES-01931,₹1000/day,DISC15,50.0,1050.0,eco
RES-01932,2000,BOGUS99,100.0,2100.0,standard
RES-01933,1200,DISC15,60.0,1260.0,premium
RES-01934,3000/day,BOGUS99,150.0,3150.0,eco
RES-01935,₹ 800 /day,,40.0,840.0,standard
RES-01936,₹1000/day,,50.0,1050.0,standard
RES-01937,₹3000/day,,150.0,3150.0,standard
RES-01938,800,,40.0,840.0,premium
RES-01939,1000,SAVE10,50.0,1050.0,eco
RES-01940,1200,BOGUS99,60.0,1260.0,eco
RES-01941,₹ 800 /day,BOGUS99,40.0,840.0,standard
RES-01942,₹3000/day,SAVE10,150.0,3150.0,standard
RES-01943,2500/day,BOGUS99,125.0,2625.0,standard
RES-01944,"₹ 3,000 /day",BOGUS99,150.0,3150.0,standard
RES-01945,1000/day,SAVE10,50.0,1050.0,standard
RES-01946,3000/day,SAVE10,150.0,3150.0,eco
RES-01947,1000/day,DISC15,50.0,1050.0,standard
RES-01948,800,DISC15,40.0,840.0,standard
RES-01949,1500/day,BOGUS99,75.0,1575.0,standard
RES-01950,₹ 800 /day,BOGUS99,40.0,840.0,premium
RES-01951,2000/day,BOGUS99,,2100.0,standard
RES-01952,₹2500/day,SAVE10,125.0,2625.0,eco
RES-01953,₹2500/day,SAVE10,125.0,2625.0,premium
RES-01954,800/day,DISC15,40.0,840.0,eco
RES-01955,800,DISC15,40.0,840.0,eco
RES-01956,"₹ 1,200 /day",,60.0,1260.0,standard
RES-01957,₹ 800 /day,SAVE10,40.0,840.0,standard
RES-01958,1200,SAVE10,60.0,1260.0,standard
RES-01959,₹ 800 /day,BOGUS99,40.0,840.0,eco
RES-01960,₹2500/day,BOGUS99,,2625.0,standard
RES-01961,1500,,75.0,1575.0,standard
RES-01962,3000/day,,150.0,3150.0,premium
RES-01963,2500,SAVE10,125.0,2625.0,standard
RES-01964,1500,SAVE10,75.0,1575.0,premium
RES-01965,1500/day,DISC15,75.0,1575.0,eco
RES-01966,1200/day,BOGUS99,60.0,1260.0,premium
RES-01967,800/day,BOGUS99,40.0,840.0,eco
RES-01968,1000/day,BOGUS99,50.0,1050.0,eco
RES-01969,1200,BOGUS99,60.0,1260.0,premium
RES-01970,"₹ 3,000 /day",,150.0,3150.0,premium
RES-01971,₹3000/day,BOGUS99,150.0,3150.0,eco
RES-01972,1000,DISC15,50.0,1050.0,eco
RES-01973,₹2500/day,DISC15,125.0,2625.0,premium
RES-01974,1500,SAVE10,,1575.0,premium
RES-01975,"₹ 1,500 /day",,,1575.0,eco
RES-01976,1200,,60.0,1260.0,standard
RES-01977,1200,SAVE10,60.0,1260.0,premium
RES-01978,3000,DISC15,,3150.0,eco
RES-01979,₹ 800 /day,DISC15,,840.0,eco
RES-01980,₹2000/day,BOGUS99,100.0,2100.0,standard
RES-01981,1500,,,1575.0,premium
RES-01982,1500/day,,75.0,1575.0,eco
RES-01983,2500/day,SAVE10,125.0,2625.0,standard
RES-01984,800,DISC15,40.0,840.0,premium
RES-01985,₹2000/day,SAVE10,100.0,2100.0,premium
RES-01986,"₹ 2,000 /day",BOGUS99,100.0,2100.0,eco
RES-01987,"₹ 1,200 /day",SAVE10,60.0,1260.0,eco
RES-01988,₹1000/day,DISC15,50.0,1050.0,premium
RES-01989,3000,SAVE10,150.0,3150.0,standard
RES-01990,"₹ 3,000 /day",SAVE10,150.0,3150.0,eco
RES-01991,₹1200/day,,60.0,1260.0,standard
RES-01992,₹3000/day,,150.0,3150.0,premium
RES-01993,1500,,75.0,1575.0,premium
RES-01994,₹ 800 /day,SAVE10,40.0,840.0,eco
RES-01995,₹2000/day,DISC15,100.0,2100.0,premium
RES-01996,2000/day,SAVE10,,2100.0,standard
RES-01997,3000,,,3150.0,eco
RES-01998,1500,BOGUS99,75.0,1575.0,eco
RES-01999,1000/day,,50.0,1050.0,premium
RES-02000,2000,DISC15,100.0,2100.0,premium
